legacy_event_id,year,discipline,placement,participant_order,participant_name,score_text
1736265216,2025,Doubles Net,1,1,__NON_PERSON__,
1736265216,2025,Doubles Net,2,1,__NON_PERSON__,
1736265216,2025,Doubles Net,3,1,__NON_PERSON__,
1736265216,2025,Doubles Net,4,1,__NON_PERSON__,
1736265216,2025,Doubles Net,5,1,Mikko Tapaninaho,
1738446800,2025,Intermediate Freestyle Battles,1,1,Ryan Miller,
1738446800,2025,Intermediate Freestyle Battles,2,1,Alan Eneev,
1738446800,2025,Intermediate Freestyle Battles,3,1,Jordan Mahaffey,
1738446800,2025,Intermediate Freestyle Battles,4,1,Loren Dobson,
1738446800,2025,Intermediate Freestyle Routines,1,1,Ken Moller,
1738446800,2025,Intermediate Singles,1,1,Will Mayfield,
1738446800,2025,Intermediate Singles,2,1,Simon Hankamer,
1738446800,2025,Intermediate Singles,3,1,Harper Cleaver,
1738446800,2025,Intermediate Singles,4,1,Arlo Perin,
1738446800,2025,Mixed Doubles Net,1,1,__NON_PERSON__,
1738446800,2025,Mixed Doubles Net,2,1,__NON_PERSON__,
1738446800,2025,Mixed Doubles Net,3,1,__NON_PERSON__,
1738446800,2025,Mixed Doubles Net,4,1,__NON_PERSON__,
1738446800,2025,Mixed Doubles Net,5,1,__NON_PERSON__,
1738446800,2025,Mixed Doubles Net,6,1,__NON_PERSON__,
1738446800,2025,Mixed Doubles Net,7,1,__NON_PERSON__,
1738446800,2025,Mixed Doubles Net,8,1,__NON_PERSON__,
1738446800,2025,Mixed Doubles Net,9,1,__NON_PERSON__,
1738446800,2025,Mixed Doubles Net,10,1,__NON_PERSON__,
1738446800,2025,Mixed Doubles Net,11,1,__NON_PERSON__,
1738446800,2025,Open Doubles Net,1,1,__NON_PERSON__,
1738446800,2025,Open Doubles Net,2,1,__NON_PERSON__,
1738446800,2025,Open Doubles Net,3,1,__NON_PERSON__,
1738446800,2025,Open Doubles Net,4,1,__NON_PERSON__,
1738446800,2025,Open Doubles Net,5,1,__NON_PERSON__,
1738446800,2025,Open Doubles Net,6,1,__NON_PERSON__,
1738446800,2025,Open Doubles Net,7,1,__NON_PERSON__,
1738446800,2025,Open Doubles Net,8,1,__NON_PERSON__,
1738446800,2025,Open Freestyle Battles,1,1,Dustin Rhodes,
1738446800,2025,Open Freestyle Battles,2,1,Nick Landes,
1738446800,2025,Open Freestyle Battles,3,1,Kevin Hogan,
1738446800,2025,Open Freestyle Battles,4,1,Dante Diotavelli,
1738446800,2025,Open Freestyle Battles,5,1,Brian Sherrill,
1738446800,2025,Open Freestyle Battles,6,1,Derek Littlefield,
1738446800,2025,Open Freestyle Battles,7,1,Chris Dean,
1738446800,2025,Open Freestyle Battles,8,1,Happy Om,
1738446800,2025,Open Freestyle Battles,9,1,Kyle Corff,
1738446800,2025,Open Freestyle Routines,1,1,Brian Sherrill,
1738446800,2025,Open Freestyle Routines,2,1,Dustin Rhodes,
1738446800,2025,Open Freestyle Routines,3,1,Nick Landes,
1738446800,2025,Open Freestyle Routines,4,1,Cass Taylor,
1738446800,2025,Open Freestyle Routines,5,1,Kevin Hogan,
1738446800,2025,Open Freestyle Routines,6,1,Jason Varvaro,
1738446800,2025,Open Freestyle Routines,7,1,Kyle Corff,
1738446800,2025,Open Singles Net,1,1,Kenneth Shults,
1738446800,2025,Open Singles Net,2,1,Jasper Schults,
1738446800,2025,Open Singles Net,3,1,Chris Cleaver,
1738446800,2025,Open Singles Net,4,1,Elle Shults,
1738446800,2025,Open Singles Net,5,1,Edwin Veltman,
1738446800,2025,Open Singles Net,6,1,Patrick Weinberg,
1738446800,2025,Open Singles Net,7,1,Dirk Janssens,
1738446800,2025,Women's Doubles Net,1,1,__NON_PERSON__,
1738446800,2025,Women's Doubles Net,2,1,__NON_PERSON__,
1738446800,2025,Women's Doubles Net,3,1,__NON_PERSON__,
1738446800,2025,Women's Doubles Net,4,1,__NON_PERSON__,
1738446800,2025,Women's Doubles Net,5,1,__NON_PERSON__,
1738446800,2025,Women's Singles Net,1,1,Becca English Ross,
1738446800,2025,Women's Singles Net,2,1,Sarah Femmel,
1738446800,2025,Women's Singles Net,3,1,Anneleissa Cohen,
1738446800,2025,Women's Singles Net,4,1,Sarah Hagen,
1739036206,2025,Singles Net,1,1,Ivan Stanev,
1739036206,2025,Singles Net,2,1,Rosen Rusev,
1739036206,2025,Singles Net,3,1,Radoslav Rusev,
1739036206,2025,Singles Net,4,1,Hristo Marev,
1739036206,2025,Singles Net,5,1,Dinko Dimitrov,
1739036206,2025,Singles Net,10,1,Stefan Tonev,
1740391168,2025,Freestyle Battle,1,1,Christopher Schillem,
1740391168,2025,Freestyle Battle,2,1,Patrik Cerny,
1740391168,2025,Freestyle Battle,3,1,Pawe Nowak,
1740391168,2025,Freestyle Battle,4,1,Santeri Karvinen,
1740391168,2025,Freestyle Battle,5,1,Marco Hartig,
1740391168,2025,Golf,1,1,Stefan Stuff Nold,
1740391168,2025,Golf,2,1,Alexander Bartsch,
1740391168,2025,Golf,3,1,Andi Wolff,
1740391168,2025,Mixed Doubles,1,1,__NON_PERSON__,
1740391168,2025,Mixed Doubles,2,1,__NON_PERSON__,
1740391168,2025,Mixed Doubles,3,1,__NON_PERSON__,
1740391168,2025,Mixed Doubles,4,1,__NON_PERSON__,
1740391168,2025,Mixed Doubles,5,1,__NON_PERSON__,
1740391168,2025,Open Doubles,1,1,__NON_PERSON__,
1740391168,2025,Open Doubles,2,1,__NON_PERSON__,
1740391168,2025,Open Doubles,3,1,__NON_PERSON__,
1740391168,2025,Open Doubles,4,1,__NON_PERSON__,
1740391168,2025,Open Doubles,5,1,__NON_PERSON__,
1740391168,2025,Open Doubles,6,1,__NON_PERSON__,
1740391168,2025,Open Doubles,7,1,__NON_PERSON__,
1740391168,2025,Open Doubles,8,1,__NON_PERSON__,
1740391168,2025,Open Doubles,9,1,__NON_PERSON__,
1740391168,2025,Open Doubles,10,1,__NON_PERSON__,
1740391168,2025,Open Doubles,11,1,__NON_PERSON__,
1740391168,2025,Open Doubles,12,1,__NON_PERSON__,
1740391168,2025,Open Doubles,13,1,__NON_PERSON__,
1740391168,2025,Open Doubles,14,1,__NON_PERSON__,
1740391168,2025,Open Doubles,15,1,__NON_PERSON__,
1740391168,2025,Open Doubles,16,1,__NON_PERSON__,
1740391168,2025,Open Routines,1,1,Patrik Cerny,
1740391168,2025,Open Routines,2,1,Andreas Nawrath,
1740391168,2025,Open Routines,3,1,Pawe Nowak,
1740391168,2025,Open Routines,4,1,Marco Hartig,
1740391168,2025,Open Singles,1,1,Tuomas Karki,
1740391168,2025,Open Singles,2,1,Pawel Rozek,
1740391168,2025,Open Singles,3,1,Ivan Stanev,
1740391168,2025,Open Singles,4,1,Wiktor Debski,
1740391168,2025,Open Singles,5,1,Grischa Tellenbach,
1740391168,2025,Open Singles,6,1,Sam Maleki,
1740391168,2025,Open Singles,7,1,Lena Mlakar,
1740391168,2025,Open Singles,8,1,Radoslav Rusev,
1740391168,2025,Open Singles,9,1,Santeri Karvinen,
1740391168,2025,Open Singles,10,1,Marcin Czech,
1740391168,2025,Open Singles,11,1,Mon Thike,
1740391168,2025,Open Singles,12,1,Pavel Hejra,
1740391168,2025,Open Singles,13,1,Andreas Beimel,
1740391168,2025,Open Singles,14,1,Jean,
1740391168,2025,Open Singles,15,1,Mikko Lepisto,
1740391168,2025,Open Singles,16,1,David Jezek,
1740391168,2025,Request Contest,1,1,Christopher Schillem,
1740391168,2025,Request Contest,2,1,Santeri Karvinen,
1740391168,2025,Request Contest,3,1,Andreas Nawrath,
1740391168,2025,Request Contest,4,1,Marco Hartig,
1740391168,2025,Request Contest,5,1,Rafal Kaleta,
1740391168,2025,Sick 3,1,1,Cristopher Schillem,
1740391168,2025,Sick 3,3,1,Pawe Nowak,
1740391168,2025,Sick 3,4,1,__NON_PERSON__,
1740419380,2025,Americano Doubles Net,1,1,David Rambaud,
1740419380,2025,Americano Doubles Net,2,1,Felix Ostwaldt,
1740419380,2025,Americano Doubles Net,3,1,Silwan Daouk,
1740419380,2025,Americano Doubles Net,4,1,Dang Liu,
1740419380,2025,Americano Doubles Net,5,1,Camilo Rodriguez,
1740419380,2025,Americano Doubles Net,6,1,Quentin Isackson,
1740419380,2025,Americano Doubles Net,7,1,Jean,
1740419380,2025,Americano Doubles Net,8,1,Nassirou Ouro,
1740419380,2025,Americano Doubles Net,9,1,Boris Ollivier,
1740419380,2025,Americano Doubles Net,10,1,Tim Heun,
1740419380,2025,Finals Open Doubles Net,1,1,__NON_PERSON__,
1740419380,2025,Mixed Doubles Net,1,1,__NON_PERSON__,
1740419380,2025,Mixed Doubles Net,2,1,__NON_PERSON__,
1740419380,2025,Mixed Doubles Net,3,1,__NON_PERSON__,
1740419380,2025,Mixed Doubles Net,4,1,__NON_PERSON__,
1740419380,2025,Open Doubles Net,1,1,__NON_PERSON__,
1740419380,2025,Open Doubles Net,2,1,__NON_PERSON__,
1740419380,2025,Open Doubles Net,3,1,__NON_PERSON__,
1740419380,2025,Open Doubles Net,4,1,__NON_PERSON__,
1740419380,2025,Open Doubles Net,5,1,__NON_PERSON__,
1740419380,2025,Open Doubles Net,6,1,__NON_PERSON__,
1740419380,2025,Open Doubles Net,7,1,__NON_PERSON__,
1740419380,2025,Open Doubles Net,8,1,__NON_PERSON__,
1740419380,2025,Open Doubles Net,9,1,__NON_PERSON__,
1740419380,2025,Open Doubles Net,10,1,__NON_PERSON__,
1740419380,2025,Open Doubles Net,11,1,__NON_PERSON__,
1740419380,2025,Open Singles Net,1,1,Karim Daouk,
1740419380,2025,Open Singles Net,2,1,Pawel Rozek,
1740419380,2025,Open Singles Net,3,1,Grischa Tellenbach,
1740419380,2025,Open Singles Net,4,1,Felix Ostwaldt,
1740419380,2025,Open Singles Net,5,1,Santeri Karvinen,
1740419380,2025,Open Singles Net,6,1,Quentin Isackson,
1740419380,2025,Open Singles Net,7,1,Jean,
1740419380,2025,Open Singles Net,8,1,David Rambaud,
1740419380,2025,Open Singles Net,9,1,David Chabannes,
1740419380,2025,Open Singles Net,10,1,Audrey Tumelin,
1740419380,2025,Open Singles Net,11,1,Dang Liu,
1740419380,2025,Open Singles Net,12,1,Boris Ollivier,
1740419380,2025,Open Singles Net,13,1,François Stierli,
1740419380,2025,Open Singles Net,14,1,Nassirou Ouro,
1740419380,2025,Open Singles Net,15,1,André Calado Coroado,
1741024635,2025,2-Square,1,1,Christopher Schillem,
1741024635,2025,2-Square,1,2,Tom Kotsakos,
1741024635,2025,2-Square,2,1,Mikko Lepisto,
1741024635,2025,2-Square,2,2,Pawel Rozek,
1741024635,2025,2-Square,3,1,Mathieu Gauthier,
1741024635,2025,2-Square,3,2,Pawel Nowak,
1741024635,2025,2-Square,4,1,Martin Czech,
1741024635,2025,2-Square,5,1,Dominik Simku,
1741024635,2025,2-Square,5,2,Mikko Lepisto,
1741024635,2025,2-Square,6,1,Jakub Mosciszewski,
1741024635,2025,2-Square,6,2,Rory Dawson,
1741024635,2025,2-Square,6,3,Sebastian Ceballos,
1741024635,2025,2-Square,7,1,Julian Florez Cifuentes,
1741024635,2025,2-Square,8,1,Jakub Mosciszewski,
1741024635,2025,Circle Contest,1,1,Maciej Niczyporuk,
1741024635,2025,Circle Contest,2,1,Jakub Mosciszewski,
1741024635,2025,Circle Contest,3,1,Pawel Nowak,
1741024635,2025,Circle Contest,4,1,Mathieu Gauthier,
1741024635,2025,Circle Contest,5,1,Nis Petersen,
1741024635,2025,Circle Contest,5,2,Sergio Garcia,
1741024635,2025,Circle Contest,7,1,Guillermo Ramirez,
1741024635,2025,Circle Contest,7,2,Philliph Valencia,
1741024635,2025,Circle Contest,7,3,Tuomas Riisalo,
1741024635,2025,Footbag Golf,1,1,Andi Wolff,
1741024635,2025,Footbag Golf,2,1,Sebastian Ceballos,
1741024635,2025,Footbag Golf,3,1,Marcin Czech,
1741024635,2025,Footbag Golf,4,1,Maciej Niczyporuk,
1741024635,2025,Footbag Golf,5,1,Germain Uzcategui,
1741024635,2025,Footbag Golf,6,1,Angel Vivas,
1741024635,2025,Footbag Golf,7,1,Gianni Almanza Amaya,
1741024635,2025,Footbag Golf,8,1,Christopher Schillem,
1741024635,2025,Footbag Golf,9,1,Mikko Lepisto,
1741024635,2025,Footbag Golf,10,1,Mathieu Gauthier,
1741024635,2025,Footbag Golf,11,1,Caroline Birch,
1741024635,2025,Footbag Golf,12,1,Baptiste Martin,
1741024635,2025,Footbag Golf,13,1,Julian Florez Cifuentes,
1741024635,2025,Footbag Golf,14,1,Sergio Garcia,
1741024635,2025,Footbag Golf,15,1,Audrey Tumelin,
1741024635,2025,Footbag Golf,16,1,Tom Kotsakos,
1741024635,2025,Freestyle Overall,1,1,Jakub Mosciszewski,
1741024635,2025,Freestyle Overall,2,1,Maciej Niczyporuk,
1741024635,2025,Freestyle Overall,3,1,Mathieu Gauthier,
1741024635,2025,Intermediate Doubles Net,1,1,__NON_PERSON__,
1741024635,2025,Intermediate Doubles Net,2,1,__NON_PERSON__,
1741024635,2025,Intermediate Doubles Net,3,1,__NON_PERSON__,
1741024635,2025,Intermediate Doubles Net,4,1,__NON_PERSON__,
1741024635,2025,Intermediate Singles Net,1,1,Juan Luca Abt,
1741024635,2025,Intermediate Singles Net,2,1,Elle Shults,
1741024635,2025,Intermediate Singles Net,3,1,Jesse Ross,
1741024635,2025,Intermediate Singles Net,4,1,Olli Kärki,
1741024635,2025,Intermediate Singles Net,5,1,Nassirou Ouro,
1741024635,2025,Intermediate Singles Net,6,1,Caroline Birch,
1741024635,2025,Intermediate Singles Net,7,1,Costa Depoilly,
1741024635,2025,Intermediate Singles Net,8,1,Victoria Grillo Garcia,
1741024635,2025,Last Man Standing,1,1,Jakub Mosciszewski,
1741024635,2025,Last Man Standing,2,1,Pawel Nowak,
1741024635,2025,Last Man Standing,3,1,Mathieu Gauthier,
1741024635,2025,Master Doubles Net,1,1,__NON_PERSON__,
1741024635,2025,Master Doubles Net,2,1,__NON_PERSON__,
1741024635,2025,Master Doubles Net,3,1,__NON_PERSON__,
1741024635,2025,Master Doubles Net,4,1,__NON_PERSON__,
1741024635,2025,Master Singles Net,1,1,Eurik Lindner,
1741024635,2025,Master Singles Net,2,1,Russell Arseneault,
1741024635,2025,Master Singles Net,3,1,Tanja Abt,
1741024635,2025,Master Singles Net,4,1,Nassirou Ouro,
1741024635,2025,Mixed Doubles Net,1,1,__NON_PERSON__,
1741024635,2025,Mixed Doubles Net,2,1,__NON_PERSON__,
1741024635,2025,Mixed Doubles Net,3,1,__NON_PERSON__,
1741024635,2025,Mixed Doubles Net,4,1,__NON_PERSON__,
1741024635,2025,Mixed Doubles Net,5,1,__NON_PERSON__,
1741024635,2025,Mixed Doubles Net,6,1,__NON_PERSON__,
1741024635,2025,Mixed Doubles Net,7,1,__NON_PERSON__,
1741024635,2025,Mixed Doubles Net,8,1,__NON_PERSON__,
1741024635,2025,Mixed Doubles Net,9,1,__NON_PERSON__,
1741024635,2025,Mixed Doubles Net,10,1,__NON_PERSON__,
1741024635,2025,Mixed Doubles Net,11,1,__NON_PERSON__,
1741024635,2025,Mixed Doubles Net,12,1,__NON_PERSON__,
1741024635,2025,Mixed Doubles Net,13,1,__NON_PERSON__,
1741024635,2025,Open Doubles Net,1,1,__NON_PERSON__,
1741024635,2025,Open Doubles Net,2,1,__NON_PERSON__,
1741024635,2025,Open Doubles Net,3,1,__NON_PERSON__,
1741024635,2025,Open Doubles Net,4,1,__NON_PERSON__,
1741024635,2025,Open Doubles Net,5,1,__NON_PERSON__,
1741024635,2025,Open Doubles Net,6,1,__NON_PERSON__,
1741024635,2025,Open Doubles Net,7,1,__NON_PERSON__,
1741024635,2025,Open Doubles Net,8,1,__NON_PERSON__,
1741024635,2025,Open Doubles Net,9,1,__NON_PERSON__,
1741024635,2025,Open Doubles Net,10,1,__NON_PERSON__,
1741024635,2025,Open Doubles Net,11,1,__NON_PERSON__,
1741024635,2025,Open Doubles Net,12,1,__NON_PERSON__,
1741024635,2025,Open Doubles Net,13,1,__NON_PERSON__,
1741024635,2025,Open Doubles Net,14,1,__NON_PERSON__,
1741024635,2025,Open Doubles Net,15,1,__NON_PERSON__,
1741024635,2025,Open Doubles Net,16,1,__NON_PERSON__,
1741024635,2025,Open Doubles Net,17,1,__NON_PERSON__,
1741024635,2025,Open Doubles Net,18,1,__NON_PERSON__,
1741024635,2025,Open Doubles Net,19,1,__NON_PERSON__,
1741024635,2025,Open Doubles Net,20,1,__NON_PERSON__,
1741024635,2025,Open Doubles Net,21,1,__NON_PERSON__,
1741024635,2025,Open Doubles Net,22,1,__NON_PERSON__,
1741024635,2025,Open Doubles Net,23,1,__NON_PERSON__,
1741024635,2025,Open Doubles Net,24,1,__NON_PERSON__,
1741024635,2025,Open Doubles Net,25,1,__NON_PERSON__,
1741024635,2025,Open Doubles Net,26,1,__NON_PERSON__,
1741024635,2025,Open Doubles Net,27,1,__NON_PERSON__,
1741024635,2025,Open Doubles Routines,1,1,Jakub Mosciszewski,
1741024635,2025,Open Doubles Routines,1,2,__NON_PERSON__,
1741024635,2025,Open Doubles Routines,2,1,Maciej Niczyporuk,
1741024635,2025,Open Doubles Routines,2,2,__NON_PERSON__,
1741024635,2025,Open Doubles Routines,3,1,Pawel Nowak,
1741024635,2025,Open Doubles Routines,3,2,__NON_PERSON__,
1741024635,2025,Open Doubles Routines,4,1,Mathieu Gauthier,
1741024635,2025,Open Doubles Routines,5,1,Santeri Karvinen,
1741024635,2025,Open Doubles Routines,5,2,Tuomas Riisalo,
1741024635,2025,Open Doubles Routines,7,1,Guillermo Ramirez,
1741024635,2025,Open Doubles Routines,7,2,Sergio Garcia,
1741024635,2025,Open Doubles Routines,9,1,Philliph Valencia,
1741024635,2025,Open Singles Net,1,1,Kenneth Shults,
1741024635,2025,Open Singles Net,2,1,Francois Pelletier,
1741024635,2025,Open Singles Net,3,1,Michal Klimczak,
1741024635,2025,Open Singles Net,4,1,Guillaume Degat,
1741024635,2025,Open Singles Net,5,1,Ivan Stanev,
1741024635,2025,Open Singles Net,6,1,Luis Lovera,
1741024635,2025,Open Singles Net,7,1,Zackary Bourdeau,
1741024635,2025,Open Singles Net,8,1,Oscar Loretto,
1741024635,2025,Open Singles Net,9,1,Yassin Khateeb,
1741024635,2025,Open Singles Net,10,1,Santeri Karvinen,
1741024635,2025,Open Singles Net,11,1,Mohamed Magri,
1741024635,2025,Open Singles Net,12,1,Jhon Orace Valera,
1741024635,2025,Open Singles Net,13,1,Tuomas Karki,
1741024635,2025,Open Singles Net,14,1,Mon Thike,
1741024635,2025,Open Singles Net,15,1,Benjamin Alston,
1741024635,2025,Open Singles Net,16,1,Germain Uzcategui,
1741024635,2025,Open Singles Net,17,1,Corbin Steele,
1741024635,2025,Open Singles Net,18,1,Pawel Rozek,
1741024635,2025,Open Singles Net,19,1,Antoine Desrochers Godin,
1741024635,2025,Open Singles Net,20,1,Allen PAULE,
1741024635,2025,Open Singles Net,21,1,Eduardo Frenzel Martinez,
1741024635,2025,Open Singles Net,22,1,Russell Arseneault,
1741024635,2025,Open Singles Net,23,1,Marcin Czech,
1741024635,2025,Open Singles Net,24,1,Tuomas Riisalo,
1741024635,2025,Open Singles Net,25,1,Angel Vivas,
1741024635,2025,Open Singles Net,26,1,Jakub Grabarczyk,
1741024635,2025,Open Singles Net,27,1,Gianni Almanza Amaya,
1741024635,2025,Open Singles Net,28,1,Juan Luca Abt,
1741024635,2025,Open Singles Net,29,1,Elle Shults,
1741024635,2025,Open Singles Net,30,1,Baptiste Martin,
1741024635,2025,Open Singles Net,31,1,David Rambaud,
1741024635,2025,Open Singles Net,32,1,Dang Liu,
1741024635,2025,Open Singles Net,33,1,Nassirou Ouro,
1741024635,2025,Open Singles Net,34,1,Sven Depoilly,
1741024635,2025,Open Singles Net,35,1,Julian Florez Cifuentes,
1741024635,2025,Open Singles Net,36,1,Jean,
1741024635,2025,Open Singles Net,37,1,Xavier Lancret,
1741024635,2025,Open Singles Net,38,1,Boris Ollivier,
1741024635,2025,Open Singles Net,39,1,Mikko Lepisto,
1741024635,2025,Open Singles Net,40,1,Costa Depoilly,
1741024635,2025,Open Singles Net,41,1,Jesse Ross,
1741024635,2025,Open Singles Net,42,1,Olli Kärki,
1741024635,2025,Open Singles Routines,1,1,Mathieu Gauthier,
1741024635,2025,Open Singles Routines,2,1,Sebastian Ceballos,
1741024635,2025,Open Singles Routines,3,1,Jakub Mosciszewski,
1741024635,2025,Open Singles Routines,4,1,Maciej Niczyporuk,
1741024635,2025,Open Singles Routines,5,1,Pawel Nowak,
1741024635,2025,Open Singles Routines,6,1,Scott Davidson,
1741024635,2025,Open Singles Routines,7,1,Drew Martin,
1741024635,2025,Open Singles Routines,8,1,Nis Petersen,
1741024635,2025,Open Singles Routines,9,1,Caroline Birch,
1741024635,2025,Open Singles Routines,9,2,Philliph Valencia,
1741024635,2025,Request Contest,1,1,Christopher Schillem,
1741024635,2025,Request Contest,2,1,Dominik Simku,
1741024635,2025,Request Contest,3,1,Jakub Mosciszewski,
1741024635,2025,Request Contest,4,1,Maciej Niczyporuk,
1741024635,2025,Request Contest,5,1,Santeri Karvinen,
1741024635,2025,Shred 30,1,1,Jakub Mosciszewski,
1741024635,2025,Shred 30,2,1,Santeri Karvinen,
1741024635,2025,Shred 30,3,1,Maciej Niczyporuk,
1741024635,2025,Shred 30,4,1,Mathieu Gauthier,
1741024635,2025,Shred 30,5,1,Pawe Nowak,
1741024635,2025,Shred 30,6,1,Tuomas Riisalo,
1741024635,2025,Shred 30,7,1,Guillermo Ramirez,
1741024635,2025,Shred 30,8,1,Sergio Garcia,
1741024635,2025,Shred 30,9,1,Scott Davidson,
1741024635,2025,Shred 30,10,1,Philliph Valencia,
1741024635,2025,Sick 3,1,1,Jakub Mosciszewski,
1741024635,2025,Sick 3,2,1,Maciej Niczyporuk,
1741024635,2025,Sick 3,3,1,Pawel Nowak,
1741024635,2025,Sick 3,4,1,Sergio Garcia,
1741024635,2025,Sick 3,5,1,Mathieu Gauthier,
1741024635,2025,Women's Freestyle,1,1,Caroline Birch,
1741024635,2025,Women’S Doubles Net,1,1,__NON_PERSON__,
1741024635,2025,Women’S Doubles Net,2,1,__NON_PERSON__,
1741024635,2025,Women’S Doubles Net,3,1,__NON_PERSON__,
1741024635,2025,Women’S Doubles Net,4,1,__NON_PERSON__,
1741024635,2025,Women’S Doubles Net,5,1,__NON_PERSON__,
1741024635,2025,Women’S Singles Net,1,1,Marilyn Demuy,
1741024635,2025,Women’S Singles Net,2,1,Lena Mlakar,
1741024635,2025,Women’S Singles Net,3,1,Becca English Ross,
1741024635,2025,Women’S Singles Net,4,1,Audrey Tumelin,
1741024635,2025,Women’S Singles Net,5,1,Maude Laudreville,
1741024635,2025,Women’S Singles Net,6,1,Léa Lespérance,
1741024635,2025,Women’S Singles Net,7,1,Tanja Abt,
1741024635,2025,Women’S Singles Net,8,1,Sarah Femmel,
1741024635,2025,Women’S Singles Net,9,1,Caroline Birch,
1741024635,2025,Women’S Singles Net,10,1,Victoria Grillo Garcia,
1742511366,2025,Open Singles Net,1,1,Egoitz Campo,
1742511366,2025,Open Singles Net,2,1,Ander López,
1742511366,2025,Open Singles Net,3,1,Lander Campo,
1742511366,2025,Open Singles Net,4,1,Ivan Carballo,
1742511366,2025,Open Singles Net,5,1,Joseba Zubiaurre,
1742511366,2025,Open Singles Net,6,1,Josu Royuela,
1742511366,2025,Open Singles Net,7,1,Garikoitz Casquero,
1745298933,2025,Open Doubles Net,1,1,__NON_PERSON__,
1745298933,2025,Open Doubles Net,2,1,__NON_PERSON__,
1745298933,2025,Open Doubles Net,3,1,__NON_PERSON__,
1745298933,2025,Open Singles Net,1,1,Pavel Hejra,
1745298933,2025,Open Singles Net,2,1,Patrik Cerny,
1745298933,2025,Open Singles Net,3,1,Petr Fuèík,
1745298933,2025,Open Singles Net,4,1,Stìpán Klimek,
1745298933,2025,Open Singles Net,5,1,Petr Loskot,
1745686591,2025,Singles Net,1,1,Matti Pohjola,
1745686591,2025,Singles Net,2,1,Tuomas Karki,
1745686591,2025,Singles Net,3,1,Mon Thike,
1745686591,2025,Singles Net,4,1,Tuomas Riisalo,
1745686591,2025,Singles Net,5,1,Santeri Karvinen,
1745686591,2025,Singles Net,6,1,Joona Koistinen,
1746737817,2025,Double Mixte - Mixed Doubles,1,1,__NON_PERSON__,
1746737817,2025,Double Mixte - Mixed Doubles,2,1,__NON_PERSON__,
1746737817,2025,Double Mixte - Mixed Doubles,3,1,__NON_PERSON__,
1746737817,2025,Double Mixte - Mixed Doubles,4,1,__NON_PERSON__,
1746737817,2025,Double Open - Open Doubles,1,1,__NON_PERSON__,
1746737817,2025,Double Open - Open Doubles,2,1,__NON_PERSON__,
1746737817,2025,Double Open - Open Doubles,3,1,__NON_PERSON__,
1746737817,2025,Double Open - Open Doubles,5,1,__NON_PERSON__,
1746737817,2025,Double Open - Open Doubles,6,1,__NON_PERSON__,
1746737817,2025,Double Open - Open Doubles,7,1,__NON_PERSON__,
1746737817,2025,Double Open - Open Doubles,8,1,__NON_PERSON__,
1746737817,2025,Simple Open - Open Singles,1,1,François Depatie,
1746737817,2025,Simple Open - Open Singles,2,1,Luka Weyler,
1746737817,2025,Simple Open - Open Singles,3,1,Corbin Steele,
1746737817,2025,Simple Open - Open Singles,4,1,Zackary Bourdeau,
1746737817,2025,Simple Open - Open Singles,5,1,Marilyn Demuy,
1746737817,2025,Simple Open - Open Singles,6,1,Russell Arseneault,
1746737817,2025,Simple Open - Open Singles,7,1,Robert Lavigne,
1746737817,2025,Simple Open - Open Singles,8,1,Antoine Godin,
1746737817,2025,Simple Open - Open Singles,9,1,Maude Laudreville,
1746737817,2025,Simple Open - Open Singles,10,1,Léa Lespérance,
1749326277,2025,2-Square,1,1,Aleksi Airinen,
1749326277,2025,2-Square,2,1,Samu Ahola,
1749326277,2025,2-Square,3,1,Mikko Lepisto,
1749326277,2025,Circle,1,1,Christopher Schillem,
1749326277,2025,Circle,2,1,Pekka Raitio,
1749326277,2025,Circle,3,1,Santeri Karvinen,
1749326277,2025,Open Doubles Net,1,1,__NON_PERSON__,
1749326277,2025,Open Doubles Net,2,1,__NON_PERSON__,
1749326277,2025,Open Doubles Net,3,1,__NON_PERSON__,
1749326277,2025,Open Doubles Net,4,1,__NON_PERSON__,
1749326277,2025,Open Doubles Net,5,1,__NON_PERSON__,
1749326277,2025,Open Doubles Net,6,1,__NON_PERSON__,
1749326277,2025,Open Singles Net,1,1,Matti Pohjola,
1749326277,2025,Open Singles Net,2,1,Grischa Tellenbach,
1749326277,2025,Open Singles Net,3,1,Santeri Karvinen,
1749326277,2025,Open Singles Net,4,1,Jyri Ilama,
1749326277,2025,Open Singles Net,5,1,Quentin Isackson,
1749326277,2025,Open Singles Net,6,1,Audrey Tumelin,
1749326277,2025,Open Singles Net,7,1,Piia Tantarimäki,
1749326277,2025,Open Singles Net,8,1,Olli Kärki,
1749326277,2025,Request,1,1,Pekka Raitio,
1749326277,2025,Request,2,1,Santeri Karvinen,
1749326277,2025,Request,3,1,Christopher Schillem,
1749326277,2025,Routines,1,1,Aleksi Airinen,
1749326277,2025,Routines,2,1,Tuomas Riisalo,
1749326277,2025,Routines,3,1,Mikko Lepisto,
1749326277,2025,Sick 3,1,1,Pekka Raitio,
1749326277,2025,Sick 3,2,1,Christopher Schillem,
1749326277,2025,Sick 3,3,1,Santeri Karvinen,
1750356087,2025,Intermediate Freestyle Battle,1,1,Tom Jenkins,
1750356087,2025,Intermediate Freestyle Battle,2,1,Garrett Bischoff,
1750356087,2025,Novice Doubles Net,1,1,__NON_PERSON__,
1750356087,2025,Novice Doubles Net,2,1,__NON_PERSON__,
1750356087,2025,Novice Doubles Net,3,1,__NON_PERSON__,
1750356087,2025,Novice Doubles Net,4,1,__NON_PERSON__,
1750356087,2025,Novice Doubles Net,5,1,__NON_PERSON__,
1750356087,2025,Open Doubles Net,1,1,__NON_PERSON__,
1750356087,2025,Open Doubles Net,2,1,__NON_PERSON__,
1750356087,2025,Open Doubles Net,3,1,__NON_PERSON__,
1750356087,2025,Open Doubles Net,4,1,__NON_PERSON__,
1750356087,2025,Open Freestyle Battle,1,1,Josh Gayhart,
1750356087,2025,Open Freestyle Battle,2,1,Dante Diotallevi,
1750356087,2025,Open Freestyle Battle,3,1,Peter Bowler,
1750356087,2025,Open Freestyle Battle,4,1,Dave Byers,
1750356087,2025,Open Freestyle Battle,5,1,__NON_PERSON__,
1750356087,2025,Open Freestyle Battle,6,1,__NON_PERSON__,
1750356087,2025,Open Freesytle Routines,1,1,Dante Diotallevi,
1750356087,2025,Open Freesytle Routines,2,1,Jason Varvaro,
1750356087,2025,Open Freesytle Routines,3,1,Drew Martin,
1750356087,2025,Open Freesytle Routines,4,1,Ben Babyak,
1750356087,2025,Open Singles Net,1,1,Dan Greer,
1750356087,2025,Open Singles Net,2,1,Chris Seibert,
1750356087,2025,Open Singles Net,3,1,Jim Hankins,
1750356087,2025,Open Singles Net,4,1,Tony Ritz,
1750356087,2025,Open Singles Net,5,1,Mark Hunsburger,
1750356087,2025,Open Singles Net,6,1,Noah Hunsberger,
1750356087,2025,Open Singles Net,7,1,Brandy Seiler,
1751568193,2025,Last Man Standing,1,1,Jakub Mosciszewski,
1751568193,2025,Last Man Standing,2,1,Filip Wojcik,
1751568193,2025,Last Man Standing,3,1,Pawe Nowak,
1751568193,2025,Last Man Standing,4,1,Arkadiusz Stanek,
1751568193,2025,Last Man Standing,5,1,Damian Gielnicki,
1751568193,2025,Last Man Standing,6,1,Jakub Worek,
1751568193,2025,Last Man Standing,7,1,Maciej Niczyporuk,
1751568193,2025,Open 2 Square,1,1,Filip Wojcik,
1751568193,2025,Open 2 Square,2,1,Rafal Kaleta,
1751568193,2025,Open 2 Square,3,1,Maciej Pietrzycki,
1751568193,2025,Open Battle,1,1,Jakub Mosciszewski,
1751568193,2025,Open Battle,2,1,Maciej Niczyporuk,
1751568193,2025,Open Battle,3,1,Pawe Nowak,
1751568193,2025,Open Battle,4,1,Damian Gielnicki,
1751568193,2025,Open Battle,5,1,Arkadiusz Stanek,
1751568193,2025,Open Battle,6,1,Rados Turek,
1751568193,2025,Open Battle,7,1,Filip Wojcik,
1751568193,2025,Open Battle,8,1,Rafal Kaleta,
1751568193,2025,Open Battle,9,1,Jakub Worek,
1751568193,2025,Open Battle,10,1,Przemyslaw Pietrzycki,
1751568193,2025,Open Battle,11,1,Kuba Grabarczyk,
1751568193,2025,Open Big One,1,1,Rafal Kaleta,
1751568193,2025,Open Big One,2,1,Jakub Mosciszewski,
1751568193,2025,Open Big One,3,1,Maciej Niczyporuk,
1751568193,2025,Open Big One,4,1,Arkadiusz Stanek,
1751568193,2025,Open Big One,5,1,Pawe Nowak,
1751568193,2025,Open Big One,6,1,Filip Wojcik,
1751568193,2025,Open Big One,7,1,Przemyslaw Pietrzycki,
1751568193,2025,Open Big One,8,1,Jakub Worek,
1751568193,2025,Open Double Net,1,1,__NON_PERSON__,
1751568193,2025,Open Double Net,2,1,__NON_PERSON__,
1751568193,2025,Open Double Net,3,1,__NON_PERSON__,
1751568193,2025,Open Double Net,4,1,__NON_PERSON__,
1751568193,2025,Open Golf,1,1,Damian Budzik,
1751568193,2025,Open Golf,2,1,Filip Wojcik,
1751568193,2025,Open Golf,3,1,Pawe Nowak,
1751568193,2025,Open Request,1,1,Jakub Mosciszewski,
1751568193,2025,Open Request,2,1,Arkadiusz Stanek,
1751568193,2025,Open Request,3,1,Maciej Niczyporuk,
1751568193,2025,Open Request,4,1,Rados Turek,
1751568193,2025,Open Request,5,1,Damian Gielnicki,
1751568193,2025,Open Request,6,1,Pawe Nowak,
1751568193,2025,Open Request,7,1,Jakub Worek,
1751568193,2025,Open Request,8,1,Bartosz Bubula,
1751568193,2025,Open Request,9,1,Przemyslaw Pietrzycki,
1751568193,2025,Open Request,10,1,Rafal Kaleta,
1751568193,2025,Open Request,11,1,Maciej Pietrzycki,
1751568193,2025,Open Request,12,1,Kacper Kudyniuk,
1751568193,2025,Open Request,13,1,Kuba Grabarczyk,
1751568193,2025,Open Request,14,1,Sylwia Bubula,
1751568193,2025,Open Routines,1,1,Jakub Mosciszewski,
1751568193,2025,Open Routines,2,1,Damian Gielnicki,
1751568193,2025,Open Routines,3,1,Arkadiusz Stanek,
1751568193,2025,Open Routines,4,1,Maciej Niczyporuk,
1751568193,2025,Open Routines,5,1,Filip Wojcik,
1751568193,2025,Open Sick 3,1,1,Maciej Niczyporuk,
1751568193,2025,Open Sick 3,2,1,Jakub Mosciszewski,
1751568193,2025,Open Sick 3,3,1,Rafal Kaleta,
1751568193,2025,Open Sick 3,4,1,Damian Gielnicki,
1751568193,2025,Open Sick 3,5,1,Pawe Nowak,
1751568193,2025,Open Sick 3,6,1,Arkadiusz Stanek,
1751568193,2025,Open Sick 3,7,1,Jakub Worek,
1751568193,2025,Open Sick 3,8,1,Filip Wojcik,
1751568193,2025,Open Sick 3,9,1,Rados Turek,
1751568193,2025,Open Single Net,1,1,Micha Klimczak,
1751568193,2025,Open Single Net,2,1,Kuba Grabarczyk,
1751568193,2025,Open Single Net,3,1,Marcin Staron,
1751568193,2025,Open Single Net,4,1,Damian Budzik,
1751568193,2025,Open Single Net,5,1,Maciej Pietrzycki,
1751568193,2025,Open Single Net,6,1,Marcin Czech,
1751568193,2025,Open Single Net,7,1,Micha Rog,
1751568193,2025,Open Single Net,8,1,Lukasz Domin,
1751568193,2025,Open Single Net,9,1,Maciej Niczyporuk,
1751568193,2025,Open Single Net,10,1,Rados Turek,
1752525121,2025,Open Doubles Net,1,1,__NON_PERSON__,
1752525121,2025,Open Doubles Net,2,1,__NON_PERSON__,
1752525121,2025,Open Doubles Net,3,1,__NON_PERSON__,
1753997172,2025,Doubles Net,1,1,__NON_PERSON__,
1753997172,2025,Doubles Net,2,1,__NON_PERSON__,
1753997172,2025,Doubles Net,3,1,__NON_PERSON__,
1753997172,2025,Doubles Net,4,1,__NON_PERSON__,
1753997172,2025,Doubles Net,5,1,__NON_PERSON__,
1753997172,2025,Doubles Net,6,1,__NON_PERSON__,
1753997172,2025,Doubles Net,7,1,__NON_PERSON__,
1753997172,2025,Doubles Net,8,1,__NON_PERSON__,
1753997172,2025,Singles Net,1,1,Luis Lovera,
1753997172,2025,Singles Net,2,1,Khyle Clarence Martin,
1753997172,2025,Singles Net,3,1,Grischa Tellenbach,
1753997172,2025,Singles Net,4,1,Eurik Lindner,
1753997172,2025,Singles Net,5,1,Allen Gumasing Paule,
1753997172,2025,Singles Net,6,1,Sven Depoilly,
1753997172,2025,Singles Net,7,1,Eduardo Frenzel Martinez,
1753997172,2025,Singles Net,8,1,David Rambaud,
1753997172,2025,Singles Net,9,1,Audrey Tumelin,
1753997172,2025,Singles Net,10,1,Jean,
1753997172,2025,Singles Net,11,1,Baptiste Martin,
1753997172,2025,Singles Net,12,1,Nassirou Ouro,
1753997172,2025,Singles Net,13,1,Costa Depoilly,
1753997172,2025,Singles Net,14,1,Martin Faudet,
1756448770,2025,Mixed Doubles,1,1,__NON_PERSON__,
1756448770,2025,Mixed Doubles,2,1,__NON_PERSON__,
1756448770,2025,Open Doubles Net,1,1,__NON_PERSON__,
1756448770,2025,Open Doubles Net,2,1,__NON_PERSON__,
1756448770,2025,Open Doubles Net,3,1,__NON_PERSON__,
1756448770,2025,Open Doubles Net,4,1,__NON_PERSON__,
1756448770,2025,Open Doubles Net,5,1,__NON_PERSON__,
1756448770,2025,Open Doubles Net,6,1,__NON_PERSON__,
1756448770,2025,Open Singles Net,1,1,Ivan Stanev,
1756448770,2025,Open Singles Net,2,1,Rosen Rusev,
1756448770,2025,Open Singles Net,3,1,Nikolai Dimitrov,
1756448770,2025,Open Singles Net,4,1,Hristo Marev,
1756448770,2025,Open Singles Net,5,1,Dinko Dimitrov,
1756448770,2025,Open Singles Net,6,1,Hristo Georgiev,
1756448770,2025,Open Singles Net,7,1,Zdravko Rafailov,
1756448770,2025,Open Singles Net,8,1,Mihaela Tsvetkova,
1759558836,2025,Singles Result,1,1,Pavel Hejra,
1759558836,2025,Singles Result,1,2,__NON_PERSON__,
1759558836,2025,Singles Result,2,1,JIRI BARTACEK,
1759558836,2025,Singles Result,3,1,Petr Fuèík,
1760495074,2025,Open Doubles,1,1,__NON_PERSON__,
1760495074,2025,Open Doubles,2,1,__NON_PERSON__,
1760495074,2025,Open Doubles,3,1,__NON_PERSON__,
1760495074,2025,Open Singles,1,1,Germain Uzcategui,
1760495074,2025,Open Singles,2,1,JUAN BERNARDO PALACIOS LEMOS,
1760495074,2025,Open Singles,3,1,Gianni Almanza Amaya,
1760495074,2025,Open Singles,4,1,Marcela Mercado,
1760495074,2025,Open Singles,5,1,Nikolle Valentina Flórez Mora,
1765581778,2025,Open Singles Net,1,1,Egoitz Campo,
1765581778,2025,Open Singles Net,2,1,Lander Campo,
1765581778,2025,Open Singles Net,3,1,Maximo Kulachenok,
1765581778,2025,Open Singles Net,4,1,Joseba Fernández,
1765581778,2025,Open Singles Net,5,1,Álvaro García,
