layer,launch_surface,dex,movement_steps,scored_events,terminal_surface,add,symbolic_formula,structural_family,classification,name,notes
0-dex stall,(set),none,hold,[DEL],toe,1,TOE [DEL],plain-paired stall,existing,toe_stall,named stall
0-dex stall,(set),none,hold,[DEL],inside,1,INSIDE [DEL],plain-paired stall,existing,inside_stall,named stall
0-dex stall,(set),none,hold,[DEL],outside,1,OUTSIDE [DEL],plain-paired stall,existing,outside_stall,named stall
0-dex stall,(set),none,hold,[DEL],knee,1,KNEE [DEL],plain-paired stall,existing,knee_stall,named stall
0-dex stall,(set),none,hold,[DEL],shoulder,1,SHOULDER [DEL],plain-paired stall,existing,shoulder_stall,named stall
0-dex stall,(set),none,hold,[DEL],head,1,HEAD [DEL],plain-midline stall,existing,head_stall,named stall
0-dex stall,(set),none,hold,[DEL],forehead,1,FOREHEAD [DEL],plain-midline stall,existing,forehead_stall,named stall
0-dex stall,(set),none,hold,[DEL],neck,1,NECK [DEL],plain-midline stall,existing,neck_stall,named stall
0-dex stall,(set),none,hold,[DEL],peak,1,PEAK [DEL],plain-midline stall,grammar-uncertain,,peak surface unresolved
0-dex stall,(set),none,hold,[XBD][DEL],clipper,2,CLIPPER [XBD] [DEL],xbody-paired stall,existing,clipper_stall,named stall
0-dex stall,(set),none,hold,[UNS][DEL],heel,2,HEEL [UNS] [DEL],unusual-paired stall,grammar-valid-unnamed,,structurally valid unlabeled stall
0-dex stall,(set),none,hold,[UNS][DEL],sole,2,SOLE [UNS] [DEL],unusual-paired stall,grammar-valid-unnamed,,structurally valid unlabeled stall
0-dex stall,(set),none,hold,[UNS][DEL],cloud,2,CLOUD [UNS] [DEL],unusual-midline stall,grammar-valid-unnamed,,structurally valid unlabeled stall
0-dex body,(set),none,SPIN,[BOD],(none),1,SPIN [BOD],bare body step,existing,spin,named bare body action
0-dex body,(set),none,DUCK,[BOD],(none),1,DUCK [BOD],bare body step,grammar-valid-unnamed,,body operator with no bare-trick name (duck/dive)
0-dex body,(set),none,DIVE,[BOD],(none),1,DIVE [BOD],bare body step,grammar-valid-unnamed,,body operator with no bare-trick name (duck/dive)
0-dex body,(set),none,FLYING IN,[BOD],(none),1,FLYING IN [BOD],bare body step,existing,flying inside,named bare body action
0-dex body,(set),none,FLYING OUT,[BOD],(none),1,FLYING OUT [BOD],bare body step,existing,flying outside,named bare body action
0-dex kick,(set),none,kick,[KICK],sole,?,SOLE [KICK],bare surface kick,grammar-uncertain,sole_kick,bare surface kick scores 1 in data but carries no scoring bracket (Slice 1 open gap)
0-dex kick,(set),none,kick,[KICK],cloud,?,CLOUD [KICK],bare surface kick,grammar-uncertain,cloud_kick,bare surface kick scores 1 in data but carries no scoring bracket (Slice 1 open gap)
0-dex kick,(set),none,kick,[KICK],heel,?,HEEL [KICK],bare surface kick,grammar-uncertain,,bare surface kick scores 1 in data but carries no scoring bracket (Slice 1 open gap)
0-dex kick,(set),none,kick,[KICK],toe,?,TOE [KICK],bare surface kick,grammar-uncertain,,bare surface kick scores 1 in data but carries no scoring bracket (Slice 1 open gap)
0-dex kick,(set),none,kick,[KICK],inside,?,INSIDE [KICK],bare surface kick,grammar-uncertain,,bare surface kick scores 1 in data but carries no scoring bracket (Slice 1 open gap)
1-dex,toe,SAME IN,SAME IN [DEX],[DEX] + [DEL],SAME toe,2,TOE > SAME IN [DEX] > SAME TOE [DEL],toe-launch / plain-paired cube,existing,around_the_world,named foundational atom on the toe fiber
1-dex,toe,SAME IN,SAME IN [DEX],[DEX] + [DEL],OP toe,2,TOE > SAME IN [DEX] > OP TOE [DEL],toe-launch / plain-paired cube,existing,pixie,named foundational atom on the toe fiber; dex shape also named as set operator pixie
1-dex,toe,SAME OUT,SAME OUT [DEX],[DEX] + [DEL],SAME toe,2,TOE > SAME OUT [DEX] > SAME TOE [DEL],toe-launch / plain-paired cube,existing,orbit,named foundational atom on the toe fiber
1-dex,toe,SAME OUT,SAME OUT [DEX],[DEX] + [DEL],OP toe,2,TOE > SAME OUT [DEX] > OP TOE [DEL],toe-launch / plain-paired cube,existing,fairy,named foundational atom on the toe fiber; dex shape also named as set operator fairy
1-dex,toe,OP IN,OP IN [DEX],[DEX] + [DEL],SAME toe,2,TOE > OP IN [DEX] > SAME TOE [DEL],toe-launch / plain-paired cube,existing,pickup,named foundational atom on the toe fiber
1-dex,toe,OP IN,OP IN [DEX],[DEX] + [DEL],OP toe,2,TOE > OP IN [DEX] > OP TOE [DEL],toe-launch / plain-paired cube,existing,mirage,named foundational atom on the toe fiber; dex shape also named as set operator miraging
1-dex,toe,OP OUT,OP OUT [DEX],[DEX] + [DEL],SAME toe,2,TOE > OP OUT [DEX] > SAME TOE [DEL],toe-launch / plain-paired cube,existing,legover,named foundational atom on the toe fiber
1-dex,toe,OP OUT,OP OUT [DEX],[DEX] + [DEL],OP toe,2,TOE > OP OUT [DEX] > OP TOE [DEL],toe-launch / plain-paired cube,existing,illusion,named foundational atom on the toe fiber; dex shape also named as set operator atomic-family
1-dex,toe,SAME IN,SAME IN [DEX],[DEX] + [DEL],SAME inside,2,TOE > SAME IN [DEX] > SAME INSIDE [DEL],toe-launch / plain-paired cube,grammar-valid-unnamed,,"structurally valid, unlabeled coordinate"
1-dex,toe,SAME IN,SAME IN [DEX],[DEX] + [DEL],OP inside,2,TOE > SAME IN [DEX] > OP INSIDE [DEL],toe-launch / plain-paired cube,existing-another-name,inspinning_reverse_guay,"coordinate realized under an opaque folk name, not its structural description"
1-dex,toe,SAME OUT,SAME OUT [DEX],[DEX] + [DEL],SAME inside,2,TOE > SAME OUT [DEX] > SAME INSIDE [DEL],toe-launch / plain-paired cube,grammar-valid-unnamed,,"structurally valid, unlabeled coordinate"
1-dex,toe,SAME OUT,SAME OUT [DEX],[DEX] + [DEL],OP inside,2,TOE > SAME OUT [DEX] > OP INSIDE [DEL],toe-launch / plain-paired cube,grammar-valid-unnamed,,"structurally valid, unlabeled coordinate"
1-dex,toe,OP IN,OP IN [DEX],[DEX] + [DEL],SAME inside,2,TOE > OP IN [DEX] > SAME INSIDE [DEL],toe-launch / plain-paired cube,existing-another-name,guay,"coordinate realized under an opaque folk name, not its structural description"
1-dex,toe,OP IN,OP IN [DEX],[DEX] + [DEL],OP inside,2,TOE > OP IN [DEX] > OP INSIDE [DEL],toe-launch / plain-paired cube,grammar-valid-unnamed,,"structurally valid, unlabeled coordinate"
1-dex,toe,OP OUT,OP OUT [DEX],[DEX] + [DEL],SAME inside,2,TOE > OP OUT [DEX] > SAME INSIDE [DEL],toe-launch / plain-paired cube,grammar-valid-unnamed,,"structurally valid, unlabeled coordinate"
1-dex,toe,OP OUT,OP OUT [DEX],[DEX] + [DEL],OP inside,2,TOE > OP OUT [DEX] > OP INSIDE [DEL],toe-launch / plain-paired cube,grammar-valid-unnamed,,"structurally valid, unlabeled coordinate"
1-dex,toe,SAME IN,SAME IN [DEX],[DEX] + [DEL],SAME outside,2,TOE > SAME IN [DEX] > SAME OUTSIDE [DEL],toe-launch / plain-paired cube,grammar-valid-unnamed,,"structurally valid, unlabeled coordinate"
1-dex,toe,SAME IN,SAME IN [DEX],[DEX] + [DEL],OP outside,2,TOE > SAME IN [DEX] > OP OUTSIDE [DEL],toe-launch / plain-paired cube,grammar-valid-unnamed,,"structurally valid, unlabeled coordinate"
1-dex,toe,SAME OUT,SAME OUT [DEX],[DEX] + [DEL],SAME outside,2,TOE > SAME OUT [DEX] > SAME OUTSIDE [DEL],toe-launch / plain-paired cube,grammar-valid-unnamed,,"structurally valid, unlabeled coordinate"
1-dex,toe,SAME OUT,SAME OUT [DEX],[DEX] + [DEL],OP outside,2,TOE > SAME OUT [DEX] > OP OUTSIDE [DEL],toe-launch / plain-paired cube,grammar-valid-unnamed,,"structurally valid, unlabeled coordinate"
1-dex,toe,OP IN,OP IN [DEX],[DEX] + [DEL],SAME outside,2,TOE > OP IN [DEX] > SAME OUTSIDE [DEL],toe-launch / plain-paired cube,grammar-valid-unnamed,,"structurally valid, unlabeled coordinate"
1-dex,toe,OP IN,OP IN [DEX],[DEX] + [DEL],OP outside,2,TOE > OP IN [DEX] > OP OUTSIDE [DEL],toe-launch / plain-paired cube,grammar-valid-unnamed,,"structurally valid, unlabeled coordinate"
1-dex,toe,OP OUT,OP OUT [DEX],[DEX] + [DEL],SAME outside,2,TOE > OP OUT [DEX] > SAME OUTSIDE [DEL],toe-launch / plain-paired cube,grammar-valid-unnamed,,"structurally valid, unlabeled coordinate"
1-dex,toe,OP OUT,OP OUT [DEX],[DEX] + [DEL],OP outside,2,TOE > OP OUT [DEX] > OP OUTSIDE [DEL],toe-launch / plain-paired cube,grammar-valid-unnamed,,"structurally valid, unlabeled coordinate"
1-dex,toe,SAME IN,SAME IN [DEX],[DEX] + [DEL],SAME knee,2,TOE > SAME IN [DEX] > SAME KNEE [DEL],toe-launch / plain-paired cube,grammar-valid-unnamed,,"structurally valid, unlabeled coordinate"
1-dex,toe,SAME IN,SAME IN [DEX],[DEX] + [DEL],OP knee,2,TOE > SAME IN [DEX] > OP KNEE [DEL],toe-launch / plain-paired cube,grammar-valid-unnamed,,"structurally valid, unlabeled coordinate"
1-dex,toe,SAME OUT,SAME OUT [DEX],[DEX] + [DEL],SAME knee,2,TOE > SAME OUT [DEX] > SAME KNEE [DEL],toe-launch / plain-paired cube,grammar-valid-unnamed,,"structurally valid, unlabeled coordinate"
1-dex,toe,SAME OUT,SAME OUT [DEX],[DEX] + [DEL],OP knee,2,TOE > SAME OUT [DEX] > OP KNEE [DEL],toe-launch / plain-paired cube,grammar-valid-unnamed,,"structurally valid, unlabeled coordinate"
1-dex,toe,OP IN,OP IN [DEX],[DEX] + [DEL],SAME knee,2,TOE > OP IN [DEX] > SAME KNEE [DEL],toe-launch / plain-paired cube,grammar-valid-unnamed,,"structurally valid, unlabeled coordinate"
1-dex,toe,OP IN,OP IN [DEX],[DEX] + [DEL],OP knee,2,TOE > OP IN [DEX] > OP KNEE [DEL],toe-launch / plain-paired cube,grammar-valid-unnamed,,"structurally valid, unlabeled coordinate"
1-dex,toe,OP OUT,OP OUT [DEX],[DEX] + [DEL],SAME knee,2,TOE > OP OUT [DEX] > SAME KNEE [DEL],toe-launch / plain-paired cube,grammar-valid-unnamed,,"structurally valid, unlabeled coordinate"
1-dex,toe,OP OUT,OP OUT [DEX],[DEX] + [DEL],OP knee,2,TOE > OP OUT [DEX] > OP KNEE [DEL],toe-launch / plain-paired cube,grammar-valid-unnamed,,"structurally valid, unlabeled coordinate"
1-dex,toe,SAME IN,SAME IN [DEX],[DEX] + [DEL],SAME shoulder,2,TOE > SAME IN [DEX] > SAME SHOULDER [DEL],toe-launch / plain-paired cube,grammar-valid-unnamed,,"structurally valid, unlabeled coordinate"
1-dex,toe,SAME IN,SAME IN [DEX],[DEX] + [DEL],OP shoulder,2,TOE > SAME IN [DEX] > OP SHOULDER [DEL],toe-launch / plain-paired cube,grammar-valid-unnamed,,"structurally valid, unlabeled coordinate"
1-dex,toe,SAME OUT,SAME OUT [DEX],[DEX] + [DEL],SAME shoulder,2,TOE > SAME OUT [DEX] > SAME SHOULDER [DEL],toe-launch / plain-paired cube,grammar-valid-unnamed,,"structurally valid, unlabeled coordinate"
1-dex,toe,SAME OUT,SAME OUT [DEX],[DEX] + [DEL],OP shoulder,2,TOE > SAME OUT [DEX] > OP SHOULDER [DEL],toe-launch / plain-paired cube,grammar-valid-unnamed,,"structurally valid, unlabeled coordinate"
1-dex,toe,OP IN,OP IN [DEX],[DEX] + [DEL],SAME shoulder,2,TOE > OP IN [DEX] > SAME SHOULDER [DEL],toe-launch / plain-paired cube,grammar-valid-unnamed,,"structurally valid, unlabeled coordinate"
1-dex,toe,OP IN,OP IN [DEX],[DEX] + [DEL],OP shoulder,2,TOE > OP IN [DEX] > OP SHOULDER [DEL],toe-launch / plain-paired cube,grammar-valid-unnamed,,"structurally valid, unlabeled coordinate"
1-dex,toe,OP OUT,OP OUT [DEX],[DEX] + [DEL],SAME shoulder,2,TOE > OP OUT [DEX] > SAME SHOULDER [DEL],toe-launch / plain-paired cube,grammar-valid-unnamed,,"structurally valid, unlabeled coordinate"
1-dex,toe,OP OUT,OP OUT [DEX],[DEX] + [DEL],OP shoulder,2,TOE > OP OUT [DEX] > OP SHOULDER [DEL],toe-launch / plain-paired cube,grammar-valid-unnamed,,"structurally valid, unlabeled coordinate"
1-dex,toe,SAME IN,SAME IN [DEX],[DEX] + [DEL],head,2,TOE > SAME IN [DEX] > HEAD [DEL],toe-launch / plain-midline square,grammar-valid-unnamed,,"structurally valid, unlabeled coordinate"
1-dex,toe,SAME IN,SAME IN [DEX],[DEX] + [DEL],head,2,TOE > SAME IN [DEX] > HEAD [DEL],toe-launch / plain-midline square,grammar-blocked,,midline landing: terminal-side axis dead (duplicate vertex)
1-dex,toe,SAME OUT,SAME OUT [DEX],[DEX] + [DEL],head,2,TOE > SAME OUT [DEX] > HEAD [DEL],toe-launch / plain-midline square,grammar-valid-unnamed,,"structurally valid, unlabeled coordinate"
1-dex,toe,SAME OUT,SAME OUT [DEX],[DEX] + [DEL],head,2,TOE > SAME OUT [DEX] > HEAD [DEL],toe-launch / plain-midline square,grammar-blocked,,midline landing: terminal-side axis dead (duplicate vertex)
1-dex,toe,OP IN,OP IN [DEX],[DEX] + [DEL],head,2,TOE > OP IN [DEX] > HEAD [DEL],toe-launch / plain-midline square,grammar-valid-unnamed,,"structurally valid, unlabeled coordinate"
1-dex,toe,OP IN,OP IN [DEX],[DEX] + [DEL],head,2,TOE > OP IN [DEX] > HEAD [DEL],toe-launch / plain-midline square,grammar-blocked,,midline landing: terminal-side axis dead (duplicate vertex)
1-dex,toe,OP OUT,OP OUT [DEX],[DEX] + [DEL],head,2,TOE > OP OUT [DEX] > HEAD [DEL],toe-launch / plain-midline square,grammar-valid-unnamed,,"structurally valid, unlabeled coordinate"
1-dex,toe,OP OUT,OP OUT [DEX],[DEX] + [DEL],head,2,TOE > OP OUT [DEX] > HEAD [DEL],toe-launch / plain-midline square,grammar-blocked,,midline landing: terminal-side axis dead (duplicate vertex)
1-dex,toe,SAME IN,SAME IN [DEX],[DEX] + [DEL],forehead,2,TOE > SAME IN [DEX] > FOREHEAD [DEL],toe-launch / plain-midline square,grammar-valid-unnamed,,"structurally valid, unlabeled coordinate"
1-dex,toe,SAME IN,SAME IN [DEX],[DEX] + [DEL],forehead,2,TOE > SAME IN [DEX] > FOREHEAD [DEL],toe-launch / plain-midline square,grammar-blocked,,midline landing: terminal-side axis dead (duplicate vertex)
1-dex,toe,SAME OUT,SAME OUT [DEX],[DEX] + [DEL],forehead,2,TOE > SAME OUT [DEX] > FOREHEAD [DEL],toe-launch / plain-midline square,grammar-valid-unnamed,,"structurally valid, unlabeled coordinate"
1-dex,toe,SAME OUT,SAME OUT [DEX],[DEX] + [DEL],forehead,2,TOE > SAME OUT [DEX] > FOREHEAD [DEL],toe-launch / plain-midline square,grammar-blocked,,midline landing: terminal-side axis dead (duplicate vertex)
1-dex,toe,OP IN,OP IN [DEX],[DEX] + [DEL],forehead,2,TOE > OP IN [DEX] > FOREHEAD [DEL],toe-launch / plain-midline square,grammar-valid-unnamed,,"structurally valid, unlabeled coordinate"
1-dex,toe,OP IN,OP IN [DEX],[DEX] + [DEL],forehead,2,TOE > OP IN [DEX] > FOREHEAD [DEL],toe-launch / plain-midline square,grammar-blocked,,midline landing: terminal-side axis dead (duplicate vertex)
1-dex,toe,OP OUT,OP OUT [DEX],[DEX] + [DEL],forehead,2,TOE > OP OUT [DEX] > FOREHEAD [DEL],toe-launch / plain-midline square,grammar-valid-unnamed,,"structurally valid, unlabeled coordinate"
1-dex,toe,OP OUT,OP OUT [DEX],[DEX] + [DEL],forehead,2,TOE > OP OUT [DEX] > FOREHEAD [DEL],toe-launch / plain-midline square,grammar-blocked,,midline landing: terminal-side axis dead (duplicate vertex)
1-dex,toe,SAME IN,SAME IN [DEX],[DEX] + [DEL],neck,2,TOE > SAME IN [DEX] > NECK [DEL],toe-launch / plain-midline square,grammar-valid-unnamed,,"structurally valid, unlabeled coordinate"
1-dex,toe,SAME IN,SAME IN [DEX],[DEX] + [DEL],neck,2,TOE > SAME IN [DEX] > NECK [DEL],toe-launch / plain-midline square,grammar-blocked,,midline landing: terminal-side axis dead (duplicate vertex)
1-dex,toe,SAME OUT,SAME OUT [DEX],[DEX] + [DEL],neck,2,TOE > SAME OUT [DEX] > NECK [DEL],toe-launch / plain-midline square,grammar-valid-unnamed,,"structurally valid, unlabeled coordinate"
1-dex,toe,SAME OUT,SAME OUT [DEX],[DEX] + [DEL],neck,2,TOE > SAME OUT [DEX] > NECK [DEL],toe-launch / plain-midline square,grammar-blocked,,midline landing: terminal-side axis dead (duplicate vertex)
1-dex,toe,OP IN,OP IN [DEX],[DEX] + [DEL],neck,2,TOE > OP IN [DEX] > NECK [DEL],toe-launch / plain-midline square,grammar-valid-unnamed,,"structurally valid, unlabeled coordinate"
1-dex,toe,OP IN,OP IN [DEX],[DEX] + [DEL],neck,2,TOE > OP IN [DEX] > NECK [DEL],toe-launch / plain-midline square,grammar-blocked,,midline landing: terminal-side axis dead (duplicate vertex)
1-dex,toe,OP OUT,OP OUT [DEX],[DEX] + [DEL],neck,2,TOE > OP OUT [DEX] > NECK [DEL],toe-launch / plain-midline square,grammar-valid-unnamed,,"structurally valid, unlabeled coordinate"
1-dex,toe,OP OUT,OP OUT [DEX],[DEX] + [DEL],neck,2,TOE > OP OUT [DEX] > NECK [DEL],toe-launch / plain-midline square,grammar-blocked,,midline landing: terminal-side axis dead (duplicate vertex)
1-dex,toe,SAME IN,SAME IN [DEX],[DEX] + [DEL],peak,2,TOE > SAME IN [DEX] > PEAK [DEL],toe-launch / plain-midline square,grammar-uncertain,,peak surface unresolved (apex vs timing marker)
1-dex,toe,SAME IN,SAME IN [DEX],[DEX] + [DEL],peak,2,TOE > SAME IN [DEX] > PEAK [DEL],toe-launch / plain-midline square,grammar-uncertain,,peak surface unresolved (apex vs timing marker)
1-dex,toe,SAME OUT,SAME OUT [DEX],[DEX] + [DEL],peak,2,TOE > SAME OUT [DEX] > PEAK [DEL],toe-launch / plain-midline square,grammar-uncertain,,peak surface unresolved (apex vs timing marker)
1-dex,toe,SAME OUT,SAME OUT [DEX],[DEX] + [DEL],peak,2,TOE > SAME OUT [DEX] > PEAK [DEL],toe-launch / plain-midline square,grammar-uncertain,,peak surface unresolved (apex vs timing marker)
1-dex,toe,OP IN,OP IN [DEX],[DEX] + [DEL],peak,2,TOE > OP IN [DEX] > PEAK [DEL],toe-launch / plain-midline square,grammar-uncertain,,peak surface unresolved (apex vs timing marker)
1-dex,toe,OP IN,OP IN [DEX],[DEX] + [DEL],peak,2,TOE > OP IN [DEX] > PEAK [DEL],toe-launch / plain-midline square,grammar-uncertain,,peak surface unresolved (apex vs timing marker)
1-dex,toe,OP OUT,OP OUT [DEX],[DEX] + [DEL],peak,2,TOE > OP OUT [DEX] > PEAK [DEL],toe-launch / plain-midline square,grammar-uncertain,,peak surface unresolved (apex vs timing marker)
1-dex,toe,OP OUT,OP OUT [DEX],[DEX] + [DEL],peak,2,TOE > OP OUT [DEX] > PEAK [DEL],toe-launch / plain-midline square,grammar-uncertain,,peak surface unresolved (apex vs timing marker)
1-dex,toe,SAME IN,SAME IN [DEX],[DEX] + [XBD][DEL],SAME clipper,3,TOE > SAME IN [DEX] > SAME CLIPPER [XBD] [DEL],toe-launch / cross-body lifted cube (grade 3),grammar-valid-unnamed,,"structurally valid, unlabeled coordinate"
1-dex,toe,SAME IN,SAME IN [DEX],[DEX] + [XBD][DEL],OP clipper,3,TOE > SAME IN [DEX] > OP CLIPPER [XBD] [DEL],toe-launch / cross-body lifted cube (grade 3),grammar-valid-unnamed,,"structurally valid, unlabeled coordinate"
1-dex,toe,SAME OUT,SAME OUT [DEX],[DEX] + [XBD][DEL],SAME clipper,3,TOE > SAME OUT [DEX] > SAME CLIPPER [XBD] [DEL],toe-launch / cross-body lifted cube (grade 3),grammar-valid-unnamed,,"structurally valid, unlabeled coordinate"
1-dex,toe,SAME OUT,SAME OUT [DEX],[DEX] + [XBD][DEL],OP clipper,3,TOE > SAME OUT [DEX] > OP CLIPPER [XBD] [DEL],toe-launch / cross-body lifted cube (grade 3),grammar-valid-unnamed,,"structurally valid, unlabeled coordinate"
1-dex,toe,OP IN,OP IN [DEX],[DEX] + [XBD][DEL],SAME clipper,3,TOE > OP IN [DEX] > SAME CLIPPER [XBD] [DEL],toe-launch / cross-body lifted cube (grade 3),grammar-valid-unnamed,,"structurally valid, unlabeled coordinate"
1-dex,toe,OP IN,OP IN [DEX],[DEX] + [XBD][DEL],OP clipper,3,TOE > OP IN [DEX] > OP CLIPPER [XBD] [DEL],toe-launch / cross-body lifted cube (grade 3),grammar-valid-unnamed,,"structurally valid, unlabeled coordinate"
1-dex,toe,OP OUT,OP OUT [DEX],[DEX] + [XBD][DEL],SAME clipper,3,TOE > OP OUT [DEX] > SAME CLIPPER [XBD] [DEL],toe-launch / cross-body lifted cube (grade 3),grammar-valid-unnamed,,"structurally valid, unlabeled coordinate"
1-dex,toe,OP OUT,OP OUT [DEX],[DEX] + [XBD][DEL],OP clipper,3,TOE > OP OUT [DEX] > OP CLIPPER [XBD] [DEL],toe-launch / cross-body lifted cube (grade 3),grammar-valid-unnamed,,"structurally valid, unlabeled coordinate"
1-dex,toe,SAME IN,SAME IN [DEX],[DEX] + [UNS][DEL],SAME heel,3,TOE > SAME IN [DEX] > SAME HEEL [UNS] [DEL],toe-launch / unusual-surface lifted cube (grade 3),grammar-valid-unnamed,,"structurally valid, unlabeled coordinate"
1-dex,toe,SAME IN,SAME IN [DEX],[DEX] + [UNS][DEL],OP heel,3,TOE > SAME IN [DEX] > OP HEEL [UNS] [DEL],toe-launch / unusual-surface lifted cube (grade 3),grammar-valid-unnamed,,"structurally valid, unlabeled coordinate"
1-dex,toe,SAME OUT,SAME OUT [DEX],[DEX] + [UNS][DEL],SAME heel,3,TOE > SAME OUT [DEX] > SAME HEEL [UNS] [DEL],toe-launch / unusual-surface lifted cube (grade 3),grammar-valid-unnamed,,"structurally valid, unlabeled coordinate"
1-dex,toe,SAME OUT,SAME OUT [DEX],[DEX] + [UNS][DEL],OP heel,3,TOE > SAME OUT [DEX] > OP HEEL [UNS] [DEL],toe-launch / unusual-surface lifted cube (grade 3),grammar-valid-unnamed,,"structurally valid, unlabeled coordinate"
1-dex,toe,OP IN,OP IN [DEX],[DEX] + [UNS][DEL],SAME heel,3,TOE > OP IN [DEX] > SAME HEEL [UNS] [DEL],toe-launch / unusual-surface lifted cube (grade 3),grammar-valid-unnamed,,"structurally valid, unlabeled coordinate"
1-dex,toe,OP IN,OP IN [DEX],[DEX] + [UNS][DEL],OP heel,3,TOE > OP IN [DEX] > OP HEEL [UNS] [DEL],toe-launch / unusual-surface lifted cube (grade 3),grammar-valid-unnamed,,"structurally valid, unlabeled coordinate"
1-dex,toe,OP OUT,OP OUT [DEX],[DEX] + [UNS][DEL],SAME heel,3,TOE > OP OUT [DEX] > SAME HEEL [UNS] [DEL],toe-launch / unusual-surface lifted cube (grade 3),grammar-valid-unnamed,,"structurally valid, unlabeled coordinate"
1-dex,toe,OP OUT,OP OUT [DEX],[DEX] + [UNS][DEL],OP heel,3,TOE > OP OUT [DEX] > OP HEEL [UNS] [DEL],toe-launch / unusual-surface lifted cube (grade 3),grammar-valid-unnamed,,"structurally valid, unlabeled coordinate"
1-dex,toe,SAME IN,SAME IN [DEX],[DEX] + [UNS][DEL],SAME sole,3,TOE > SAME IN [DEX] > SAME SOLE [UNS] [DEL],toe-launch / unusual-surface lifted cube (grade 3),grammar-valid-unnamed,,"structurally valid, unlabeled coordinate"
1-dex,toe,SAME IN,SAME IN [DEX],[DEX] + [UNS][DEL],OP sole,3,TOE > SAME IN [DEX] > OP SOLE [UNS] [DEL],toe-launch / unusual-surface lifted cube (grade 3),grammar-valid-unnamed,,"structurally valid, unlabeled coordinate"
1-dex,toe,SAME OUT,SAME OUT [DEX],[DEX] + [UNS][DEL],SAME sole,3,TOE > SAME OUT [DEX] > SAME SOLE [UNS] [DEL],toe-launch / unusual-surface lifted cube (grade 3),grammar-valid-unnamed,,"structurally valid, unlabeled coordinate"
1-dex,toe,SAME OUT,SAME OUT [DEX],[DEX] + [UNS][DEL],OP sole,3,TOE > SAME OUT [DEX] > OP SOLE [UNS] [DEL],toe-launch / unusual-surface lifted cube (grade 3),grammar-valid-unnamed,,"structurally valid, unlabeled coordinate"
1-dex,toe,OP IN,OP IN [DEX],[DEX] + [UNS][DEL],SAME sole,3,TOE > OP IN [DEX] > SAME SOLE [UNS] [DEL],toe-launch / unusual-surface lifted cube (grade 3),grammar-valid-unnamed,,"structurally valid, unlabeled coordinate"
1-dex,toe,OP IN,OP IN [DEX],[DEX] + [UNS][DEL],OP sole,3,TOE > OP IN [DEX] > OP SOLE [UNS] [DEL],toe-launch / unusual-surface lifted cube (grade 3),grammar-valid-unnamed,,"structurally valid, unlabeled coordinate"
1-dex,toe,OP OUT,OP OUT [DEX],[DEX] + [UNS][DEL],SAME sole,3,TOE > OP OUT [DEX] > SAME SOLE [UNS] [DEL],toe-launch / unusual-surface lifted cube (grade 3),grammar-valid-unnamed,,"structurally valid, unlabeled coordinate"
1-dex,toe,OP OUT,OP OUT [DEX],[DEX] + [UNS][DEL],OP sole,3,TOE > OP OUT [DEX] > OP SOLE [UNS] [DEL],toe-launch / unusual-surface lifted cube (grade 3),grammar-valid-unnamed,,"structurally valid, unlabeled coordinate"
1-dex,toe,SAME IN,SAME IN [DEX],[DEX] + [UNS][DEL],cloud,3,TOE > SAME IN [DEX] > CLOUD [UNS] [DEL],toe-launch / unusual-surface lifted cube (grade 3),grammar-valid-unnamed,,"structurally valid, unlabeled coordinate"
1-dex,toe,SAME IN,SAME IN [DEX],[DEX] + [UNS][DEL],cloud,3,TOE > SAME IN [DEX] > CLOUD [UNS] [DEL],toe-launch / unusual-surface lifted cube (grade 3),grammar-blocked,,midline landing: terminal-side axis dead (duplicate vertex)
1-dex,toe,SAME OUT,SAME OUT [DEX],[DEX] + [UNS][DEL],cloud,3,TOE > SAME OUT [DEX] > CLOUD [UNS] [DEL],toe-launch / unusual-surface lifted cube (grade 3),grammar-valid-unnamed,,"structurally valid, unlabeled coordinate"
1-dex,toe,SAME OUT,SAME OUT [DEX],[DEX] + [UNS][DEL],cloud,3,TOE > SAME OUT [DEX] > CLOUD [UNS] [DEL],toe-launch / unusual-surface lifted cube (grade 3),grammar-blocked,,midline landing: terminal-side axis dead (duplicate vertex)
1-dex,toe,OP IN,OP IN [DEX],[DEX] + [UNS][DEL],cloud,3,TOE > OP IN [DEX] > CLOUD [UNS] [DEL],toe-launch / unusual-surface lifted cube (grade 3),grammar-valid-unnamed,,"structurally valid, unlabeled coordinate"
1-dex,toe,OP IN,OP IN [DEX],[DEX] + [UNS][DEL],cloud,3,TOE > OP IN [DEX] > CLOUD [UNS] [DEL],toe-launch / unusual-surface lifted cube (grade 3),grammar-blocked,,midline landing: terminal-side axis dead (duplicate vertex)
1-dex,toe,OP OUT,OP OUT [DEX],[DEX] + [UNS][DEL],cloud,3,TOE > OP OUT [DEX] > CLOUD [UNS] [DEL],toe-launch / unusual-surface lifted cube (grade 3),grammar-valid-unnamed,,"structurally valid, unlabeled coordinate"
1-dex,toe,OP OUT,OP OUT [DEX],[DEX] + [UNS][DEL],cloud,3,TOE > OP OUT [DEX] > CLOUD [UNS] [DEL],toe-launch / unusual-surface lifted cube (grade 3),grammar-blocked,,midline landing: terminal-side axis dead (duplicate vertex)
1-dex,clipper,SAME IN,SAME IN [DEX],[DEX] + [DEL],SAME toe,2,CLIP > SAME IN [DEX] > SAME TOE [DEL],clipper-launch / plain-paired cube,grammar-blocked,,cross-body launch forecloses the SAME dex-side face (bag control)
1-dex,clipper,SAME IN,SAME IN [DEX],[DEX] + [DEL],OP toe,2,CLIP > SAME IN [DEX] > OP TOE [DEL],clipper-launch / plain-paired cube,grammar-blocked,,cross-body launch forecloses the SAME dex-side face (bag control)
1-dex,clipper,SAME OUT,SAME OUT [DEX],[DEX] + [DEL],SAME toe,2,CLIP > SAME OUT [DEX] > SAME TOE [DEL],clipper-launch / plain-paired cube,grammar-blocked,,cross-body launch forecloses the SAME dex-side face (bag control)
1-dex,clipper,SAME OUT,SAME OUT [DEX],[DEX] + [DEL],OP toe,2,CLIP > SAME OUT [DEX] > OP TOE [DEL],clipper-launch / plain-paired cube,grammar-blocked,,cross-body launch forecloses the SAME dex-side face (bag control)
1-dex,clipper,OP IN,OP IN [DEX],[DEX] + [DEL],SAME toe,2,CLIP > OP IN [DEX] > SAME TOE [DEL],clipper-launch / plain-paired cube,grammar-valid-unnamed,,"structurally valid, unlabeled coordinate"
1-dex,clipper,OP IN,OP IN [DEX],[DEX] + [DEL],OP toe,2,CLIP > OP IN [DEX] > OP TOE [DEL],clipper-launch / plain-paired cube,grammar-valid-unnamed,,"structurally valid, unlabeled coordinate"
1-dex,clipper,OP OUT,OP OUT [DEX],[DEX] + [DEL],SAME toe,2,CLIP > OP OUT [DEX] > SAME TOE [DEL],clipper-launch / plain-paired cube,grammar-valid-unnamed,,"structurally valid, unlabeled coordinate"
1-dex,clipper,OP OUT,OP OUT [DEX],[DEX] + [DEL],OP toe,2,CLIP > OP OUT [DEX] > OP TOE [DEL],clipper-launch / plain-paired cube,existing-another-name,bubba,"coordinate realized under an opaque folk name, not its structural description"
1-dex,clipper,SAME IN,SAME IN [DEX],[DEX] + [DEL],SAME inside,2,CLIP > SAME IN [DEX] > SAME INSIDE [DEL],clipper-launch / plain-paired cube,grammar-blocked,,cross-body launch forecloses the SAME dex-side face (bag control)
1-dex,clipper,SAME IN,SAME IN [DEX],[DEX] + [DEL],OP inside,2,CLIP > SAME IN [DEX] > OP INSIDE [DEL],clipper-launch / plain-paired cube,grammar-blocked,,cross-body launch forecloses the SAME dex-side face (bag control)
1-dex,clipper,SAME OUT,SAME OUT [DEX],[DEX] + [DEL],SAME inside,2,CLIP > SAME OUT [DEX] > SAME INSIDE [DEL],clipper-launch / plain-paired cube,grammar-blocked,,cross-body launch forecloses the SAME dex-side face (bag control)
1-dex,clipper,SAME OUT,SAME OUT [DEX],[DEX] + [DEL],OP inside,2,CLIP > SAME OUT [DEX] > OP INSIDE [DEL],clipper-launch / plain-paired cube,grammar-blocked,,cross-body launch forecloses the SAME dex-side face (bag control)
1-dex,clipper,OP IN,OP IN [DEX],[DEX] + [DEL],SAME inside,2,CLIP > OP IN [DEX] > SAME INSIDE [DEL],clipper-launch / plain-paired cube,grammar-valid-unnamed,,"structurally valid, unlabeled coordinate"
1-dex,clipper,OP IN,OP IN [DEX],[DEX] + [DEL],OP inside,2,CLIP > OP IN [DEX] > OP INSIDE [DEL],clipper-launch / plain-paired cube,grammar-valid-unnamed,,"structurally valid, unlabeled coordinate"
1-dex,clipper,OP OUT,OP OUT [DEX],[DEX] + [DEL],SAME inside,2,CLIP > OP OUT [DEX] > SAME INSIDE [DEL],clipper-launch / plain-paired cube,grammar-valid-unnamed,,"structurally valid, unlabeled coordinate"
1-dex,clipper,OP OUT,OP OUT [DEX],[DEX] + [DEL],OP inside,2,CLIP > OP OUT [DEX] > OP INSIDE [DEL],clipper-launch / plain-paired cube,grammar-valid-unnamed,,"structurally valid, unlabeled coordinate"
1-dex,clipper,SAME IN,SAME IN [DEX],[DEX] + [DEL],SAME outside,2,CLIP > SAME IN [DEX] > SAME OUTSIDE [DEL],clipper-launch / plain-paired cube,grammar-blocked,,cross-body launch forecloses the SAME dex-side face (bag control)
1-dex,clipper,SAME IN,SAME IN [DEX],[DEX] + [DEL],OP outside,2,CLIP > SAME IN [DEX] > OP OUTSIDE [DEL],clipper-launch / plain-paired cube,grammar-blocked,,cross-body launch forecloses the SAME dex-side face (bag control)
1-dex,clipper,SAME OUT,SAME OUT [DEX],[DEX] + [DEL],SAME outside,2,CLIP > SAME OUT [DEX] > SAME OUTSIDE [DEL],clipper-launch / plain-paired cube,grammar-blocked,,cross-body launch forecloses the SAME dex-side face (bag control)
1-dex,clipper,SAME OUT,SAME OUT [DEX],[DEX] + [DEL],OP outside,2,CLIP > SAME OUT [DEX] > OP OUTSIDE [DEL],clipper-launch / plain-paired cube,grammar-blocked,,cross-body launch forecloses the SAME dex-side face (bag control)
1-dex,clipper,OP IN,OP IN [DEX],[DEX] + [DEL],SAME outside,2,CLIP > OP IN [DEX] > SAME OUTSIDE [DEL],clipper-launch / plain-paired cube,grammar-valid-unnamed,,"structurally valid, unlabeled coordinate"
1-dex,clipper,OP IN,OP IN [DEX],[DEX] + [DEL],OP outside,2,CLIP > OP IN [DEX] > OP OUTSIDE [DEL],clipper-launch / plain-paired cube,grammar-valid-unnamed,,"structurally valid, unlabeled coordinate"
1-dex,clipper,OP OUT,OP OUT [DEX],[DEX] + [DEL],SAME outside,2,CLIP > OP OUT [DEX] > SAME OUTSIDE [DEL],clipper-launch / plain-paired cube,grammar-valid-unnamed,,"structurally valid, unlabeled coordinate"
1-dex,clipper,OP OUT,OP OUT [DEX],[DEX] + [DEL],OP outside,2,CLIP > OP OUT [DEX] > OP OUTSIDE [DEL],clipper-launch / plain-paired cube,grammar-valid-unnamed,,"structurally valid, unlabeled coordinate"
1-dex,clipper,SAME IN,SAME IN [DEX],[DEX] + [DEL],SAME knee,2,CLIP > SAME IN [DEX] > SAME KNEE [DEL],clipper-launch / plain-paired cube,grammar-blocked,,cross-body launch forecloses the SAME dex-side face (bag control)
1-dex,clipper,SAME IN,SAME IN [DEX],[DEX] + [DEL],OP knee,2,CLIP > SAME IN [DEX] > OP KNEE [DEL],clipper-launch / plain-paired cube,grammar-blocked,,cross-body launch forecloses the SAME dex-side face (bag control)
1-dex,clipper,SAME OUT,SAME OUT [DEX],[DEX] + [DEL],SAME knee,2,CLIP > SAME OUT [DEX] > SAME KNEE [DEL],clipper-launch / plain-paired cube,grammar-blocked,,cross-body launch forecloses the SAME dex-side face (bag control)
1-dex,clipper,SAME OUT,SAME OUT [DEX],[DEX] + [DEL],OP knee,2,CLIP > SAME OUT [DEX] > OP KNEE [DEL],clipper-launch / plain-paired cube,grammar-blocked,,cross-body launch forecloses the SAME dex-side face (bag control)
1-dex,clipper,OP IN,OP IN [DEX],[DEX] + [DEL],SAME knee,2,CLIP > OP IN [DEX] > SAME KNEE [DEL],clipper-launch / plain-paired cube,grammar-valid-unnamed,,"structurally valid, unlabeled coordinate"
1-dex,clipper,OP IN,OP IN [DEX],[DEX] + [DEL],OP knee,2,CLIP > OP IN [DEX] > OP KNEE [DEL],clipper-launch / plain-paired cube,grammar-valid-unnamed,,"structurally valid, unlabeled coordinate"
1-dex,clipper,OP OUT,OP OUT [DEX],[DEX] + [DEL],SAME knee,2,CLIP > OP OUT [DEX] > SAME KNEE [DEL],clipper-launch / plain-paired cube,grammar-valid-unnamed,,"structurally valid, unlabeled coordinate"
1-dex,clipper,OP OUT,OP OUT [DEX],[DEX] + [DEL],OP knee,2,CLIP > OP OUT [DEX] > OP KNEE [DEL],clipper-launch / plain-paired cube,grammar-valid-unnamed,,"structurally valid, unlabeled coordinate"
1-dex,clipper,SAME IN,SAME IN [DEX],[DEX] + [DEL],SAME shoulder,2,CLIP > SAME IN [DEX] > SAME SHOULDER [DEL],clipper-launch / plain-paired cube,grammar-blocked,,cross-body launch forecloses the SAME dex-side face (bag control)
1-dex,clipper,SAME IN,SAME IN [DEX],[DEX] + [DEL],OP shoulder,2,CLIP > SAME IN [DEX] > OP SHOULDER [DEL],clipper-launch / plain-paired cube,grammar-blocked,,cross-body launch forecloses the SAME dex-side face (bag control)
1-dex,clipper,SAME OUT,SAME OUT [DEX],[DEX] + [DEL],SAME shoulder,2,CLIP > SAME OUT [DEX] > SAME SHOULDER [DEL],clipper-launch / plain-paired cube,grammar-blocked,,cross-body launch forecloses the SAME dex-side face (bag control)
1-dex,clipper,SAME OUT,SAME OUT [DEX],[DEX] + [DEL],OP shoulder,2,CLIP > SAME OUT [DEX] > OP SHOULDER [DEL],clipper-launch / plain-paired cube,grammar-blocked,,cross-body launch forecloses the SAME dex-side face (bag control)
1-dex,clipper,OP IN,OP IN [DEX],[DEX] + [DEL],SAME shoulder,2,CLIP > OP IN [DEX] > SAME SHOULDER [DEL],clipper-launch / plain-paired cube,grammar-valid-unnamed,,"structurally valid, unlabeled coordinate"
1-dex,clipper,OP IN,OP IN [DEX],[DEX] + [DEL],OP shoulder,2,CLIP > OP IN [DEX] > OP SHOULDER [DEL],clipper-launch / plain-paired cube,grammar-valid-unnamed,,"structurally valid, unlabeled coordinate"
1-dex,clipper,OP OUT,OP OUT [DEX],[DEX] + [DEL],SAME shoulder,2,CLIP > OP OUT [DEX] > SAME SHOULDER [DEL],clipper-launch / plain-paired cube,grammar-valid-unnamed,,"structurally valid, unlabeled coordinate"
1-dex,clipper,OP OUT,OP OUT [DEX],[DEX] + [DEL],OP shoulder,2,CLIP > OP OUT [DEX] > OP SHOULDER [DEL],clipper-launch / plain-paired cube,grammar-valid-unnamed,,"structurally valid, unlabeled coordinate"
1-dex,clipper,SAME IN,SAME IN [DEX],[DEX] + [DEL],head,2,CLIP > SAME IN [DEX] > HEAD [DEL],clipper-launch / plain-midline square,grammar-blocked,,cross-body launch forecloses the SAME dex-side face (bag control)
1-dex,clipper,SAME IN,SAME IN [DEX],[DEX] + [DEL],head,2,CLIP > SAME IN [DEX] > HEAD [DEL],clipper-launch / plain-midline square,grammar-blocked,,midline landing: terminal-side axis dead (duplicate vertex)
1-dex,clipper,SAME OUT,SAME OUT [DEX],[DEX] + [DEL],head,2,CLIP > SAME OUT [DEX] > HEAD [DEL],clipper-launch / plain-midline square,grammar-blocked,,cross-body launch forecloses the SAME dex-side face (bag control)
1-dex,clipper,SAME OUT,SAME OUT [DEX],[DEX] + [DEL],head,2,CLIP > SAME OUT [DEX] > HEAD [DEL],clipper-launch / plain-midline square,grammar-blocked,,midline landing: terminal-side axis dead (duplicate vertex)
1-dex,clipper,OP IN,OP IN [DEX],[DEX] + [DEL],head,2,CLIP > OP IN [DEX] > HEAD [DEL],clipper-launch / plain-midline square,grammar-valid-unnamed,,"structurally valid, unlabeled coordinate"
1-dex,clipper,OP IN,OP IN [DEX],[DEX] + [DEL],head,2,CLIP > OP IN [DEX] > HEAD [DEL],clipper-launch / plain-midline square,grammar-blocked,,midline landing: terminal-side axis dead (duplicate vertex)
1-dex,clipper,OP OUT,OP OUT [DEX],[DEX] + [DEL],head,2,CLIP > OP OUT [DEX] > HEAD [DEL],clipper-launch / plain-midline square,grammar-valid-unnamed,,"structurally valid, unlabeled coordinate"
1-dex,clipper,OP OUT,OP OUT [DEX],[DEX] + [DEL],head,2,CLIP > OP OUT [DEX] > HEAD [DEL],clipper-launch / plain-midline square,grammar-blocked,,midline landing: terminal-side axis dead (duplicate vertex)
1-dex,clipper,SAME IN,SAME IN [DEX],[DEX] + [DEL],forehead,2,CLIP > SAME IN [DEX] > FOREHEAD [DEL],clipper-launch / plain-midline square,grammar-blocked,,cross-body launch forecloses the SAME dex-side face (bag control)
1-dex,clipper,SAME IN,SAME IN [DEX],[DEX] + [DEL],forehead,2,CLIP > SAME IN [DEX] > FOREHEAD [DEL],clipper-launch / plain-midline square,grammar-blocked,,midline landing: terminal-side axis dead (duplicate vertex)
1-dex,clipper,SAME OUT,SAME OUT [DEX],[DEX] + [DEL],forehead,2,CLIP > SAME OUT [DEX] > FOREHEAD [DEL],clipper-launch / plain-midline square,grammar-blocked,,cross-body launch forecloses the SAME dex-side face (bag control)
1-dex,clipper,SAME OUT,SAME OUT [DEX],[DEX] + [DEL],forehead,2,CLIP > SAME OUT [DEX] > FOREHEAD [DEL],clipper-launch / plain-midline square,grammar-blocked,,midline landing: terminal-side axis dead (duplicate vertex)
1-dex,clipper,OP IN,OP IN [DEX],[DEX] + [DEL],forehead,2,CLIP > OP IN [DEX] > FOREHEAD [DEL],clipper-launch / plain-midline square,grammar-valid-unnamed,,"structurally valid, unlabeled coordinate"
1-dex,clipper,OP IN,OP IN [DEX],[DEX] + [DEL],forehead,2,CLIP > OP IN [DEX] > FOREHEAD [DEL],clipper-launch / plain-midline square,grammar-blocked,,midline landing: terminal-side axis dead (duplicate vertex)
1-dex,clipper,OP OUT,OP OUT [DEX],[DEX] + [DEL],forehead,2,CLIP > OP OUT [DEX] > FOREHEAD [DEL],clipper-launch / plain-midline square,grammar-valid-unnamed,,"structurally valid, unlabeled coordinate"
1-dex,clipper,OP OUT,OP OUT [DEX],[DEX] + [DEL],forehead,2,CLIP > OP OUT [DEX] > FOREHEAD [DEL],clipper-launch / plain-midline square,grammar-blocked,,midline landing: terminal-side axis dead (duplicate vertex)
1-dex,clipper,SAME IN,SAME IN [DEX],[DEX] + [DEL],neck,2,CLIP > SAME IN [DEX] > NECK [DEL],clipper-launch / plain-midline square,grammar-blocked,,cross-body launch forecloses the SAME dex-side face (bag control)
1-dex,clipper,SAME IN,SAME IN [DEX],[DEX] + [DEL],neck,2,CLIP > SAME IN [DEX] > NECK [DEL],clipper-launch / plain-midline square,grammar-blocked,,midline landing: terminal-side axis dead (duplicate vertex)
1-dex,clipper,SAME OUT,SAME OUT [DEX],[DEX] + [DEL],neck,2,CLIP > SAME OUT [DEX] > NECK [DEL],clipper-launch / plain-midline square,grammar-blocked,,cross-body launch forecloses the SAME dex-side face (bag control)
1-dex,clipper,SAME OUT,SAME OUT [DEX],[DEX] + [DEL],neck,2,CLIP > SAME OUT [DEX] > NECK [DEL],clipper-launch / plain-midline square,grammar-blocked,,midline landing: terminal-side axis dead (duplicate vertex)
1-dex,clipper,OP IN,OP IN [DEX],[DEX] + [DEL],neck,2,CLIP > OP IN [DEX] > NECK [DEL],clipper-launch / plain-midline square,grammar-valid-unnamed,,"structurally valid, unlabeled coordinate"
1-dex,clipper,OP IN,OP IN [DEX],[DEX] + [DEL],neck,2,CLIP > OP IN [DEX] > NECK [DEL],clipper-launch / plain-midline square,grammar-blocked,,midline landing: terminal-side axis dead (duplicate vertex)
1-dex,clipper,OP OUT,OP OUT [DEX],[DEX] + [DEL],neck,2,CLIP > OP OUT [DEX] > NECK [DEL],clipper-launch / plain-midline square,grammar-valid-unnamed,,"structurally valid, unlabeled coordinate"
1-dex,clipper,OP OUT,OP OUT [DEX],[DEX] + [DEL],neck,2,CLIP > OP OUT [DEX] > NECK [DEL],clipper-launch / plain-midline square,grammar-blocked,,midline landing: terminal-side axis dead (duplicate vertex)
1-dex,clipper,SAME IN,SAME IN [DEX],[DEX] + [DEL],peak,2,CLIP > SAME IN [DEX] > PEAK [DEL],clipper-launch / plain-midline square,grammar-uncertain,,peak surface unresolved (apex vs timing marker)
1-dex,clipper,SAME IN,SAME IN [DEX],[DEX] + [DEL],peak,2,CLIP > SAME IN [DEX] > PEAK [DEL],clipper-launch / plain-midline square,grammar-uncertain,,peak surface unresolved (apex vs timing marker)
1-dex,clipper,SAME OUT,SAME OUT [DEX],[DEX] + [DEL],peak,2,CLIP > SAME OUT [DEX] > PEAK [DEL],clipper-launch / plain-midline square,grammar-uncertain,,peak surface unresolved (apex vs timing marker)
1-dex,clipper,SAME OUT,SAME OUT [DEX],[DEX] + [DEL],peak,2,CLIP > SAME OUT [DEX] > PEAK [DEL],clipper-launch / plain-midline square,grammar-uncertain,,peak surface unresolved (apex vs timing marker)
1-dex,clipper,OP IN,OP IN [DEX],[DEX] + [DEL],peak,2,CLIP > OP IN [DEX] > PEAK [DEL],clipper-launch / plain-midline square,grammar-uncertain,,peak surface unresolved (apex vs timing marker)
1-dex,clipper,OP IN,OP IN [DEX],[DEX] + [DEL],peak,2,CLIP > OP IN [DEX] > PEAK [DEL],clipper-launch / plain-midline square,grammar-uncertain,,peak surface unresolved (apex vs timing marker)
1-dex,clipper,OP OUT,OP OUT [DEX],[DEX] + [DEL],peak,2,CLIP > OP OUT [DEX] > PEAK [DEL],clipper-launch / plain-midline square,grammar-uncertain,,peak surface unresolved (apex vs timing marker)
1-dex,clipper,OP OUT,OP OUT [DEX],[DEX] + [DEL],peak,2,CLIP > OP OUT [DEX] > PEAK [DEL],clipper-launch / plain-midline square,grammar-uncertain,,peak surface unresolved (apex vs timing marker)
1-dex,clipper,SAME IN,SAME IN [DEX],[DEX] + [XBD][DEL],SAME clipper,3,CLIP > SAME IN [DEX] > SAME CLIPPER [XBD] [DEL],clipper-launch / cross-body lifted cube (grade 3),grammar-blocked,,cross-body launch forecloses the SAME dex-side face (bag control)
1-dex,clipper,SAME IN,SAME IN [DEX],[DEX] + [XBD][DEL],OP clipper,3,CLIP > SAME IN [DEX] > OP CLIPPER [XBD] [DEL],clipper-launch / cross-body lifted cube (grade 3),grammar-blocked,,cross-body launch forecloses the SAME dex-side face (bag control)
1-dex,clipper,SAME OUT,SAME OUT [DEX],[DEX] + [XBD][DEL],SAME clipper,3,CLIP > SAME OUT [DEX] > SAME CLIPPER [XBD] [DEL],clipper-launch / cross-body lifted cube (grade 3),grammar-blocked,,cross-body launch forecloses the SAME dex-side face (bag control)
1-dex,clipper,SAME OUT,SAME OUT [DEX],[DEX] + [XBD][DEL],OP clipper,3,CLIP > SAME OUT [DEX] > OP CLIPPER [XBD] [DEL],clipper-launch / cross-body lifted cube (grade 3),grammar-blocked,,cross-body launch forecloses the SAME dex-side face (bag control)
1-dex,clipper,OP IN,OP IN [DEX],[DEX] + [XBD][DEL],SAME clipper,3,CLIP > OP IN [DEX] > SAME CLIPPER [XBD] [DEL],clipper-launch / cross-body lifted cube (grade 3),grammar-valid-unnamed,,"structurally valid, unlabeled coordinate"
1-dex,clipper,OP IN,OP IN [DEX],[DEX] + [XBD][DEL],OP clipper,3,CLIP > OP IN [DEX] > OP CLIPPER [XBD] [DEL],clipper-launch / cross-body lifted cube (grade 3),grammar-valid-unnamed,,"structurally valid, unlabeled coordinate"
1-dex,clipper,OP OUT,OP OUT [DEX],[DEX] + [XBD][DEL],SAME clipper,3,CLIP > OP OUT [DEX] > SAME CLIPPER [XBD] [DEL],clipper-launch / cross-body lifted cube (grade 3),grammar-valid-unnamed,,"structurally valid, unlabeled coordinate"
1-dex,clipper,OP OUT,OP OUT [DEX],[DEX] + [XBD][DEL],OP clipper,3,CLIP > OP OUT [DEX] > OP CLIPPER [XBD] [DEL],clipper-launch / cross-body lifted cube (grade 3),grammar-valid-unnamed,,"structurally valid, unlabeled coordinate"
1-dex,clipper,SAME IN,SAME IN [DEX],[DEX] + [UNS][DEL],SAME heel,3,CLIP > SAME IN [DEX] > SAME HEEL [UNS] [DEL],clipper-launch / unusual-surface lifted cube (grade 3),grammar-blocked,,cross-body launch forecloses the SAME dex-side face (bag control)
1-dex,clipper,SAME IN,SAME IN [DEX],[DEX] + [UNS][DEL],OP heel,3,CLIP > SAME IN [DEX] > OP HEEL [UNS] [DEL],clipper-launch / unusual-surface lifted cube (grade 3),grammar-blocked,,cross-body launch forecloses the SAME dex-side face (bag control)
1-dex,clipper,SAME OUT,SAME OUT [DEX],[DEX] + [UNS][DEL],SAME heel,3,CLIP > SAME OUT [DEX] > SAME HEEL [UNS] [DEL],clipper-launch / unusual-surface lifted cube (grade 3),grammar-blocked,,cross-body launch forecloses the SAME dex-side face (bag control)
1-dex,clipper,SAME OUT,SAME OUT [DEX],[DEX] + [UNS][DEL],OP heel,3,CLIP > SAME OUT [DEX] > OP HEEL [UNS] [DEL],clipper-launch / unusual-surface lifted cube (grade 3),grammar-blocked,,cross-body launch forecloses the SAME dex-side face (bag control)
1-dex,clipper,OP IN,OP IN [DEX],[DEX] + [UNS][DEL],SAME heel,3,CLIP > OP IN [DEX] > SAME HEEL [UNS] [DEL],clipper-launch / unusual-surface lifted cube (grade 3),grammar-valid-unnamed,,"structurally valid, unlabeled coordinate"
1-dex,clipper,OP IN,OP IN [DEX],[DEX] + [UNS][DEL],OP heel,3,CLIP > OP IN [DEX] > OP HEEL [UNS] [DEL],clipper-launch / unusual-surface lifted cube (grade 3),grammar-valid-unnamed,,"structurally valid, unlabeled coordinate"
1-dex,clipper,OP OUT,OP OUT [DEX],[DEX] + [UNS][DEL],SAME heel,3,CLIP > OP OUT [DEX] > SAME HEEL [UNS] [DEL],clipper-launch / unusual-surface lifted cube (grade 3),grammar-valid-unnamed,,"structurally valid, unlabeled coordinate"
1-dex,clipper,OP OUT,OP OUT [DEX],[DEX] + [UNS][DEL],OP heel,3,CLIP > OP OUT [DEX] > OP HEEL [UNS] [DEL],clipper-launch / unusual-surface lifted cube (grade 3),grammar-valid-unnamed,,"structurally valid, unlabeled coordinate"
1-dex,clipper,SAME IN,SAME IN [DEX],[DEX] + [UNS][DEL],SAME sole,3,CLIP > SAME IN [DEX] > SAME SOLE [UNS] [DEL],clipper-launch / unusual-surface lifted cube (grade 3),grammar-blocked,,cross-body launch forecloses the SAME dex-side face (bag control)
1-dex,clipper,SAME IN,SAME IN [DEX],[DEX] + [UNS][DEL],OP sole,3,CLIP > SAME IN [DEX] > OP SOLE [UNS] [DEL],clipper-launch / unusual-surface lifted cube (grade 3),grammar-blocked,,cross-body launch forecloses the SAME dex-side face (bag control)
1-dex,clipper,SAME OUT,SAME OUT [DEX],[DEX] + [UNS][DEL],SAME sole,3,CLIP > SAME OUT [DEX] > SAME SOLE [UNS] [DEL],clipper-launch / unusual-surface lifted cube (grade 3),grammar-blocked,,cross-body launch forecloses the SAME dex-side face (bag control)
1-dex,clipper,SAME OUT,SAME OUT [DEX],[DEX] + [UNS][DEL],OP sole,3,CLIP > SAME OUT [DEX] > OP SOLE [UNS] [DEL],clipper-launch / unusual-surface lifted cube (grade 3),grammar-blocked,,cross-body launch forecloses the SAME dex-side face (bag control)
1-dex,clipper,OP IN,OP IN [DEX],[DEX] + [UNS][DEL],SAME sole,3,CLIP > OP IN [DEX] > SAME SOLE [UNS] [DEL],clipper-launch / unusual-surface lifted cube (grade 3),grammar-valid-unnamed,,"structurally valid, unlabeled coordinate"
1-dex,clipper,OP IN,OP IN [DEX],[DEX] + [UNS][DEL],OP sole,3,CLIP > OP IN [DEX] > OP SOLE [UNS] [DEL],clipper-launch / unusual-surface lifted cube (grade 3),grammar-valid-unnamed,,"structurally valid, unlabeled coordinate"
1-dex,clipper,OP OUT,OP OUT [DEX],[DEX] + [UNS][DEL],SAME sole,3,CLIP > OP OUT [DEX] > SAME SOLE [UNS] [DEL],clipper-launch / unusual-surface lifted cube (grade 3),grammar-valid-unnamed,,"structurally valid, unlabeled coordinate"
1-dex,clipper,OP OUT,OP OUT [DEX],[DEX] + [UNS][DEL],OP sole,3,CLIP > OP OUT [DEX] > OP SOLE [UNS] [DEL],clipper-launch / unusual-surface lifted cube (grade 3),grammar-valid-unnamed,,"structurally valid, unlabeled coordinate"
1-dex,clipper,SAME IN,SAME IN [DEX],[DEX] + [UNS][DEL],cloud,3,CLIP > SAME IN [DEX] > CLOUD [UNS] [DEL],clipper-launch / unusual-surface lifted cube (grade 3),grammar-blocked,,cross-body launch forecloses the SAME dex-side face (bag control)
1-dex,clipper,SAME IN,SAME IN [DEX],[DEX] + [UNS][DEL],cloud,3,CLIP > SAME IN [DEX] > CLOUD [UNS] [DEL],clipper-launch / unusual-surface lifted cube (grade 3),grammar-blocked,,midline landing: terminal-side axis dead (duplicate vertex)
1-dex,clipper,SAME OUT,SAME OUT [DEX],[DEX] + [UNS][DEL],cloud,3,CLIP > SAME OUT [DEX] > CLOUD [UNS] [DEL],clipper-launch / unusual-surface lifted cube (grade 3),grammar-blocked,,cross-body launch forecloses the SAME dex-side face (bag control)
1-dex,clipper,SAME OUT,SAME OUT [DEX],[DEX] + [UNS][DEL],cloud,3,CLIP > SAME OUT [DEX] > CLOUD [UNS] [DEL],clipper-launch / unusual-surface lifted cube (grade 3),grammar-blocked,,midline landing: terminal-side axis dead (duplicate vertex)
1-dex,clipper,OP IN,OP IN [DEX],[DEX] + [UNS][DEL],cloud,3,CLIP > OP IN [DEX] > CLOUD [UNS] [DEL],clipper-launch / unusual-surface lifted cube (grade 3),grammar-valid-unnamed,,"structurally valid, unlabeled coordinate"
1-dex,clipper,OP IN,OP IN [DEX],[DEX] + [UNS][DEL],cloud,3,CLIP > OP IN [DEX] > CLOUD [UNS] [DEL],clipper-launch / unusual-surface lifted cube (grade 3),grammar-blocked,,midline landing: terminal-side axis dead (duplicate vertex)
1-dex,clipper,OP OUT,OP OUT [DEX],[DEX] + [UNS][DEL],cloud,3,CLIP > OP OUT [DEX] > CLOUD [UNS] [DEL],clipper-launch / unusual-surface lifted cube (grade 3),grammar-valid-unnamed,,"structurally valid, unlabeled coordinate"
1-dex,clipper,OP OUT,OP OUT [DEX],[DEX] + [UNS][DEL],cloud,3,CLIP > OP OUT [DEX] > CLOUD [UNS] [DEL],clipper-launch / unusual-surface lifted cube (grade 3),grammar-blocked,,midline landing: terminal-side axis dead (duplicate vertex)
1-dex,self,SAME IN,SAME IN [DEX],[DEX] + [DEL],SAME inside,2,INSIDE > SAME IN [DEX] > SAME INSIDE [DEL],self-fiber / plain-paired cube,existing,inside_around_the_world,named vertex off the toe fiber (structural name)
1-dex,self,SAME IN,SAME IN [DEX],[DEX] + [DEL],OP inside,2,INSIDE > SAME IN [DEX] > OP INSIDE [DEL],self-fiber / plain-paired cube,grammar-valid-unnamed,,"structurally valid, unlabeled coordinate"
1-dex,self,SAME OUT,SAME OUT [DEX],[DEX] + [DEL],SAME inside,2,INSIDE > SAME OUT [DEX] > SAME INSIDE [DEL],self-fiber / plain-paired cube,grammar-valid-unnamed,,"structurally valid, unlabeled coordinate"
1-dex,self,SAME OUT,SAME OUT [DEX],[DEX] + [DEL],OP inside,2,INSIDE > SAME OUT [DEX] > OP INSIDE [DEL],self-fiber / plain-paired cube,grammar-valid-unnamed,,"structurally valid, unlabeled coordinate"
1-dex,self,OP IN,OP IN [DEX],[DEX] + [DEL],SAME inside,2,INSIDE > OP IN [DEX] > SAME INSIDE [DEL],self-fiber / plain-paired cube,grammar-valid-unnamed,,"structurally valid, unlabeled coordinate"
1-dex,self,OP IN,OP IN [DEX],[DEX] + [DEL],OP inside,2,INSIDE > OP IN [DEX] > OP INSIDE [DEL],self-fiber / plain-paired cube,grammar-valid-unnamed,,"structurally valid, unlabeled coordinate"
1-dex,self,OP OUT,OP OUT [DEX],[DEX] + [DEL],SAME inside,2,INSIDE > OP OUT [DEX] > SAME INSIDE [DEL],self-fiber / plain-paired cube,grammar-valid-unnamed,,"structurally valid, unlabeled coordinate"
1-dex,self,OP OUT,OP OUT [DEX],[DEX] + [DEL],OP inside,2,INSIDE > OP OUT [DEX] > OP INSIDE [DEL],self-fiber / plain-paired cube,grammar-valid-unnamed,,"structurally valid, unlabeled coordinate"
1-dex,self,SAME IN,SAME IN [DEX],[DEX] + [DEL],SAME outside,2,OUTSIDE > SAME IN [DEX] > SAME OUTSIDE [DEL],self-fiber / plain-paired cube,grammar-valid-unnamed,,"structurally valid, unlabeled coordinate"
1-dex,self,SAME IN,SAME IN [DEX],[DEX] + [DEL],OP outside,2,OUTSIDE > SAME IN [DEX] > OP OUTSIDE [DEL],self-fiber / plain-paired cube,grammar-valid-unnamed,,"structurally valid, unlabeled coordinate"
1-dex,self,SAME OUT,SAME OUT [DEX],[DEX] + [DEL],SAME outside,2,OUTSIDE > SAME OUT [DEX] > SAME OUTSIDE [DEL],self-fiber / plain-paired cube,existing,outside_around_the_world,named vertex off the toe fiber (structural name)
1-dex,self,SAME OUT,SAME OUT [DEX],[DEX] + [DEL],OP outside,2,OUTSIDE > SAME OUT [DEX] > OP OUTSIDE [DEL],self-fiber / plain-paired cube,grammar-valid-unnamed,,"structurally valid, unlabeled coordinate"
1-dex,self,OP IN,OP IN [DEX],[DEX] + [DEL],SAME outside,2,OUTSIDE > OP IN [DEX] > SAME OUTSIDE [DEL],self-fiber / plain-paired cube,grammar-valid-unnamed,,"structurally valid, unlabeled coordinate"
1-dex,self,OP IN,OP IN [DEX],[DEX] + [DEL],OP outside,2,OUTSIDE > OP IN [DEX] > OP OUTSIDE [DEL],self-fiber / plain-paired cube,grammar-valid-unnamed,,"structurally valid, unlabeled coordinate"
1-dex,self,OP OUT,OP OUT [DEX],[DEX] + [DEL],SAME outside,2,OUTSIDE > OP OUT [DEX] > SAME OUTSIDE [DEL],self-fiber / plain-paired cube,grammar-valid-unnamed,,"structurally valid, unlabeled coordinate"
1-dex,self,OP OUT,OP OUT [DEX],[DEX] + [DEL],OP outside,2,OUTSIDE > OP OUT [DEX] > OP OUTSIDE [DEL],self-fiber / plain-paired cube,grammar-valid-unnamed,,"structurally valid, unlabeled coordinate"
1-dex,self,SAME IN,SAME IN [DEX],[DEX] + [DEL],SAME knee,2,KNEE > SAME IN [DEX] > SAME KNEE [DEL],self-fiber / plain-paired cube,grammar-valid-unnamed,,"structurally valid, unlabeled coordinate"
1-dex,self,SAME IN,SAME IN [DEX],[DEX] + [DEL],OP knee,2,KNEE > SAME IN [DEX] > OP KNEE [DEL],self-fiber / plain-paired cube,grammar-valid-unnamed,,"structurally valid, unlabeled coordinate"
1-dex,self,SAME OUT,SAME OUT [DEX],[DEX] + [DEL],SAME knee,2,KNEE > SAME OUT [DEX] > SAME KNEE [DEL],self-fiber / plain-paired cube,grammar-valid-unnamed,,"structurally valid, unlabeled coordinate"
1-dex,self,SAME OUT,SAME OUT [DEX],[DEX] + [DEL],OP knee,2,KNEE > SAME OUT [DEX] > OP KNEE [DEL],self-fiber / plain-paired cube,grammar-valid-unnamed,,"structurally valid, unlabeled coordinate"
1-dex,self,OP IN,OP IN [DEX],[DEX] + [DEL],SAME knee,2,KNEE > OP IN [DEX] > SAME KNEE [DEL],self-fiber / plain-paired cube,grammar-valid-unnamed,,"structurally valid, unlabeled coordinate"
1-dex,self,OP IN,OP IN [DEX],[DEX] + [DEL],OP knee,2,KNEE > OP IN [DEX] > OP KNEE [DEL],self-fiber / plain-paired cube,grammar-valid-unnamed,,"structurally valid, unlabeled coordinate"
1-dex,self,OP OUT,OP OUT [DEX],[DEX] + [DEL],SAME knee,2,KNEE > OP OUT [DEX] > SAME KNEE [DEL],self-fiber / plain-paired cube,grammar-valid-unnamed,,"structurally valid, unlabeled coordinate"
1-dex,self,OP OUT,OP OUT [DEX],[DEX] + [DEL],OP knee,2,KNEE > OP OUT [DEX] > OP KNEE [DEL],self-fiber / plain-paired cube,grammar-valid-unnamed,,"structurally valid, unlabeled coordinate"
1-dex,self,SAME IN,SAME IN [DEX],[DEX] + [DEL],SAME shoulder,2,SHOULDER > SAME IN [DEX] > SAME SHOULDER [DEL],self-fiber / plain-paired cube,grammar-valid-unnamed,,"structurally valid, unlabeled coordinate"
1-dex,self,SAME IN,SAME IN [DEX],[DEX] + [DEL],OP shoulder,2,SHOULDER > SAME IN [DEX] > OP SHOULDER [DEL],self-fiber / plain-paired cube,grammar-valid-unnamed,,"structurally valid, unlabeled coordinate"
1-dex,self,SAME OUT,SAME OUT [DEX],[DEX] + [DEL],SAME shoulder,2,SHOULDER > SAME OUT [DEX] > SAME SHOULDER [DEL],self-fiber / plain-paired cube,grammar-valid-unnamed,,"structurally valid, unlabeled coordinate"
1-dex,self,SAME OUT,SAME OUT [DEX],[DEX] + [DEL],OP shoulder,2,SHOULDER > SAME OUT [DEX] > OP SHOULDER [DEL],self-fiber / plain-paired cube,grammar-valid-unnamed,,"structurally valid, unlabeled coordinate"
1-dex,self,OP IN,OP IN [DEX],[DEX] + [DEL],SAME shoulder,2,SHOULDER > OP IN [DEX] > SAME SHOULDER [DEL],self-fiber / plain-paired cube,grammar-valid-unnamed,,"structurally valid, unlabeled coordinate"
1-dex,self,OP IN,OP IN [DEX],[DEX] + [DEL],OP shoulder,2,SHOULDER > OP IN [DEX] > OP SHOULDER [DEL],self-fiber / plain-paired cube,grammar-valid-unnamed,,"structurally valid, unlabeled coordinate"
1-dex,self,OP OUT,OP OUT [DEX],[DEX] + [DEL],SAME shoulder,2,SHOULDER > OP OUT [DEX] > SAME SHOULDER [DEL],self-fiber / plain-paired cube,grammar-valid-unnamed,,"structurally valid, unlabeled coordinate"
1-dex,self,OP OUT,OP OUT [DEX],[DEX] + [DEL],OP shoulder,2,SHOULDER > OP OUT [DEX] > OP SHOULDER [DEL],self-fiber / plain-paired cube,grammar-valid-unnamed,,"structurally valid, unlabeled coordinate"
